File,Exp,Placuta,Trat,MgO,MgO Err,Al2O3,Al2O3 Err,SiO2,SiO2 Err,P,P Err,S,S Err,Cl,Cl Err,K2O,K2O Err,Ca,Ca Err,Ti,Ti Err,V,V Err,Cr,Cr Err,Mn,Mn Err,Fe,Fe Err,Co,Co Err,Ni,Ni Err,Cu,Cu Err,Zn,Zn Err,Ga,Ga Err,As,As Err,Se,Se Err,Rb,Rb Err,Sr,Sr Err,Y,Y Err,Zr,Zr Err,Nb,Nb Err,Mo,Mo Err,Rh,Rh Err,Pd,Pd Err,Ag,Ag Err,Cd,Cd Err,Sn,Sn Err,Sb,Sb Err,Ba,Ba Err,La,La Err,Ce,Ce Err,Hf,Hf Err,Ta,Ta Err,W,W Err,Pt,Pt Err,Au,Au Err,Hg,Hg Err,Tl,Tl Err,Pb,Pb Err,Bi,Bi Err,Th,Th Err,U,U Err
874,1,2,nears,< LOD,0.5297,2.1043,0.1327,9.1421,0.1527,< LOD,0.0115,< LOD,0.0119,43.8546,0.0984,0.1263,0.0054,0.4943,0.0069,< LOD,0.0025,< LOD,0.0041,0.0036,0.0029,0.0273,0.004,0.7134,0.0122,0.0063,0.0021,0.0023,0.0008,0.0018,0.0005,0.0022,0.0004,0.0005,0.0004,0.0008,0.0004,< LOD,0.0003,0.0081,0.0004,0.0204,0.0007,0.0039,0.0006,0.0488,0.0017,0.0007,0.0004,0.002,0.0012,< LOD,0.0007,0.0013,0.0008,< LOD,0.001,< LOD,0.0008,0.0031,0.0022,< LOD,0.0023,0.0925,0.0121,< LOD,0.0116,< LOD,0.0134,0.0002,0.0002,< LOD,0.0051,< LOD,0.0018,< LOD,0.0018,,,< LOD,0.001,< LOD,0.0009,< LOD,0.0008,< LOD,0.0009,< LOD,0.0009,< LOD,0.0021
875,1,2,nears,< LOD,0.5228,1.8934,0.1285,8.8715,0.1506,< LOD,0.0117,< LOD,0.0116,43.2534,0.0977,0.1218,0.0053,0.4531,0.0066,< LOD,0.0024,< LOD,0.0041,0.0059,0.003,0.0272,0.0039,0.7062,0.0122,0.0054,0.0021,0.0024,0.0008,0.0016,0.0005,0.0024,0.0004,0.0004,0.0004,0.001,0.0005,< LOD,0.0003,0.0082,0.0004,0.0213,0.0008,0.004,0.0005,0.0498,0.0017,0.0009,0.0004,0.0021,0.0011,< LOD,0.0007,0.0012,0.0008,< LOD,0.001,< LOD,0.0008,0.004,0.0022,< LOD,0.0023,0.1049,0.0123,< LOD,0.0118,< LOD,0.0137,0.0002,0.0002,< LOD,0.0051,< LOD,0.0019,< LOD,0.0017,,,< LOD,0.001,< LOD,0.0009,0.0014,0.0008,< LOD,0.0009,< LOD,0.0009,< LOD,0.0021
876,1,2,nears,0.5324,0.5277,2.08,0.1313,8.8173,0.1499,< LOD,0.0113,< LOD,0.0115,43.8602,0.0984,0.1285,0.0053,0.4521,0.0066,< LOD,0.0024,< LOD,0.0043,0.0049,0.0028,0.0295,0.004,0.7547,0.0125,0.0059,0.0021,0.0018,0.0008,0.0017,0.0005,0.0024,0.0004,0.0009,0.0004,0.0009,0.0005,< LOD,0.0003,0.008,0.0004,0.021,0.0007,0.0044,0.0006,0.0517,0.0017,0.001,0.0004,0.002,0.0011,< LOD,0.0007,,,< LOD,0.001,< LOD,0.0008,0.0066,0.0022,< LOD,0.0022,0.0951,0.0122,< LOD,0.0116,0.0207,0.0136,< LOD,0.0002,< LOD,0.0051,< LOD,0.0018,,,,,< LOD,0.001,< LOD,0.0008,0.0012,0.0008,0.001,0.001,< LOD,0.0009,< LOD,0.002
877,1,2,nears,< LOD,0.7619,1.7941,0.185,8.5106,0.2108,< LOD,0.0167,< LOD,0.0167,42.9563,0.1376,0.1113,0.0075,0.4485,0.0094,< LOD,0.0035,0.0045,0.0044,0.0035,0.003,0.0248,0.0038,0.668,0.0119,0.0052,0.002,0.0018,0.0008,0.002,0.0005,0.002,0.0004,< LOD,0.0004,< LOD,0.0006,0.0004,0.0004,0.0083,0.0006,0.0205,0.001,0.0043,0.0008,0.051,0.0024,0.0007,0.0006,< LOD,0.0016,< LOD,0.0009,0.002,0.0011,< LOD,0.0015,< LOD,0.0012,0.0073,0.0031,< LOD,0.0031,0.1223,0.0178,< LOD,0.0168,< LOD,0.0194,< LOD,0.0002,< LOD,0.0068,< LOD,0.0018,< LOD,0.0025,,,< LOD,0.0014,< LOD,0.0013,< LOD,0.0012,< LOD,0.0013,< LOD,0.0012,< LOD,0.003
878,1,2,nears,< LOD,0.7408,1.9562,0.1837,9.0133,0.2141,< LOD,0.0163,< LOD,0.0168,42.6559,0.1371,0.1118,0.0073,0.4462,0.0093,< LOD,0.0034,< LOD,0.0041,0.0031,0.0028,0.0264,0.0039,0.6592,0.0118,0.0051,0.002,0.0017,0.0008,0.0016,0.0004,0.002,0.0003,0.0006,0.0004,0.0011,0.0006,< LOD,0.0004,0.0078,0.0006,0.0194,0.001,0.0044,0.0008,0.0493,0.0024,0.001,0.0006,< LOD,0.0016,< LOD,0.0009,,,,,< LOD,0.0012,0.006,0.0032,< LOD,0.0031,0.1058,0.0179,< LOD,0.0169,0.0248,0.0196,0.0002,0.0002,< LOD,0.007,< LOD,0.0018,< LOD,0.0024,,,< LOD,0.0014,< LOD,0.0012,0.0014,0.0011,< LOD,0.0013,< LOD,0.0012,< LOD,0.0028
879,1,1,lustru,4.9324,0.7164,19.5591,0.4386,63.479,0.5858,0.0505,0.0175,0.7731,0.0245,0.1273,0.0193,2.8116,0.0291,5.3338,0.0314,0.4086,0.0078,0.0107,0.0085,0.0176,0.0051,0.0623,0.0044,3.5737,0.0261,< LOD,0.0034,0.0062,0.001,0.0038,0.0007,0.0073,0.0008,0.0009,0.0005,0.0012,0.0007,< LOD,0.0003,0.0121,0.0007,0.0158,0.0007,0.0026,0.0004,0.014,0.0005,0.0006,0.0004,< LOD,0.0012,< LOD,0.0009,0.0018,0.0011,,,< LOD,0.0011,< LOD,0.0027,< LOD,0.003,0.0417,0.0073,< LOD,0.0106,< LOD,0.013,< LOD,0.0002,< LOD,0.0049,< LOD,0.0019,,,,,< LOD,0.0012,< LOD,0.0012,0.0022,0.0013,< LOD,0.0013,< LOD,0.0008,< LOD,0.0003
880,1,1,lustru,5.2188,0.7277,19.3102,0.4364,64.1232,0.5887,0.0539,0.0175,0.8185,0.0251,0.1485,0.0195,2.7394,0.0288,5.3784,0.0315,0.3999,0.0078,0.0174,0.0087,0.012,0.005,0.0696,0.0045,3.5201,0.0259,< LOD,0.0034,0.0061,0.0009,0.0045,0.0007,0.0078,0.0008,0.001,0.0005,0.0007,0.0006,< LOD,0.0003,0.0115,0.0007,0.0156,0.0007,0.0023,0.0004,0.0135,0.0005,0.0012,0.0004,< LOD,0.0012,< LOD,0.0009,0.0015,0.0011,,,< LOD,0.0011,< LOD,0.0026,0.0032,0.003,0.0399,0.007,< LOD,0.0103,< LOD,0.0125,< LOD,0.0002,< LOD,0.0051,< LOD,0.0019,,,,,< LOD,0.0013,< LOD,0.0012,0.0014,0.0012,0.0014,0.0013,< LOD,0.0008,< LOD,0.0003
881,1,1,lustru,5.3155,0.7244,19.3358,0.4361,63.4832,0.5853,0.0489,0.0173,0.8385,0.0252,0.1325,0.0193,2.7689,0.0289,5.2826,0.0312,0.3958,0.0077,0.0146,0.0087,0.0108,0.005,0.0643,0.0045,3.5389,0.0259,< LOD,0.0034,0.0052,0.0009,0.0046,0.0007,0.0066,0.0008,0.0009,0.0005,0.0014,0.0006,0.0003,0.0003,0.0112,0.0007,0.0158,0.0007,0.0023,0.0004,0.0136,0.0005,0.0007,0.0004,< LOD,0.0012,< LOD,0.0009,,,< LOD,0.0014,< LOD,0.0011,< LOD,0.0027,< LOD,0.003,0.0451,0.0071,< LOD,0.0103,< LOD,0.0125,< LOD,0.0002,< LOD,0.0049,< LOD,0.002,< LOD,0.0015,,,< LOD,0.0013,< LOD,0.0012,< LOD,0.0012,< LOD,0.0014,< LOD,0.0009,< LOD,0.0003
882,1,3,lustru,4.7618,0.6989,16.7797,0.4103,65.9455,0.5957,0.0654,0.0181,1.5884,0.0329,0.1773,0.0198,2.3306,0.0267,5.7881,0.0326,0.4058,0.0079,0.0123,0.0086,0.0095,0.0051,0.0685,0.0047,3.5419,0.0264,< LOD,0.0034,0.0045,0.001,0.0032,0.0007,0.0103,0.0009,0.0013,0.0005,< LOD,0.0007,< LOD,0.0003,0.0114,0.0007,0.0152,0.0007,0.0024,0.0004,0.0143,0.0006,0.001,0.0004,< LOD,0.0012,< LOD,0.0009,,,< LOD,0.0014,< LOD,0.0011,0.0035,0.0027,< LOD,0.003,0.0453,0.0072,< LOD,0.0102,0.0133,0.0126,< LOD,0.0002,< LOD,0.0054,< LOD,0.0021,< LOD,0.0016,,,< LOD,0.0014,< LOD,0.0011,0.0026,0.0013,< LOD,0.0014,< LOD,0.0008,< LOD,0.0003
883,1,3,lustru,4.9853,0.7098,16.8546,0.4117,65.8424,0.5956,0.0371,0.0174,1.5442,0.0325,0.1475,0.0195,2.4001,0.0271,5.7234,0.0324,0.4081,0.0079,0.0187,0.0087,0.0103,0.0052,0.0686,0.0047,3.5654,0.0264,0.0038,0.0035,0.0056,0.0009,0.0041,0.0007,0.0103,0.0009,0.0013,0.0005,0.0013,0.0007,< LOD,0.0003,0.0116,0.0007,0.0156,0.0007,0.0026,0.0004,0.0142,0.0005,0.0008,0.0004,< LOD,0.0012,< LOD,0.0009,0.0012,0.0011,,,< LOD,0.0011,< LOD,0.0027,< LOD,0.003,0.0399,0.0073,< LOD,0.0101,< LOD,0.0126,< LOD,0.0002,< LOD,0.005,< LOD,0.002,,,,,< LOD,0.0014,< LOD,0.0012,0.0028,0.0013,< LOD,0.0013,< LOD,0.0008,< LOD,0.0003
884,1,3,lustru,4.8221,0.7127,15.5712,0.3964,62.8734,0.5766,0.0529,0.018,1.945,0.0357,0.1225,0.0193,2.0587,0.0251,5.644,0.032,0.386,0.0078,0.0178,0.0087,0.0096,0.005,0.07,0.0048,3.3346,0.0256,< LOD,0.0034,0.0047,0.001,0.0033,0.0007,0.0094,0.0009,0.001,0.0005,0.0013,0.0007,< LOD,0.0003,0.0115,0.0007,0.0153,0.0007,0.0024,0.0004,0.0161,0.0007,0.0007,0.0004,< LOD,0.0012,< LOD,0.0009,,,,,< LOD,0.0011,0.0046,0.0028,< LOD,0.0029,0.0432,0.008,< LOD,0.0108,0.0277,0.013,< LOD,0.0002,< LOD,0.0052,< LOD,0.002,< LOD,0.0016,,,< LOD,0.0014,< LOD,0.0012,0.002,0.0013,< LOD,0.0013,0.0009,0.0009,< LOD,0.0004
885,2,1,,2.0008,0.5401,12.7372,0.3514,66.4552,0.5936,0.0434,0.0154,1.1624,0.0285,< LOD,0.0167,1.9183,0.0242,3.2778,0.0245,0.3169,0.007,0.0119,0.0076,0.007,0.0046,0.0522,0.0043,2.1906,0.0206,0.0043,0.0029,0.0029,0.0007,0.0023,0.0005,0.0037,0.0005,< LOD,0.0004,0.0008,0.0005,< LOD,0.0003,0.0066,0.0005,0.0108,0.0006,0.0024,0.0004,0.0326,0.001,< LOD,0.0005,< LOD,0.0013,< LOD,0.001,0.002,0.0012,< LOD,0.0013,< LOD,0.001,< LOD,0.0026,< LOD,0.0032,0.0351,0.0079,< LOD,0.0093,< LOD,0.0115,0.0003,0.0002,< LOD,0.0054,< LOD,0.0017,,,,,< LOD,0.0014,< LOD,0.001,0.0019,0.001,< LOD,0.0011,< LOD,0.0008,< LOD,0.0006
886,2,1,,1.501,0.541,12.6089,0.352,68.1664,0.6033,0.0335,0.0157,1.1614,0.0288,< LOD,0.0167,1.9143,0.0243,3.4709,0.0252,0.3526,0.0074,< LOD,0.0074,0.0129,0.0044,0.0546,0.0044,2.1959,0.0207,< LOD,0.0028,0.0027,0.0007,0.0024,0.0005,0.004,0.0006,< LOD,0.0004,0.0005,0.0005,< LOD,0.0003,0.0065,0.0005,0.0108,0.0006,0.0019,0.0004,0.0335,0.001,0.0008,0.0004,< LOD,0.0013,< LOD,0.001,0.0012,0.0012,,,< LOD,0.001,< LOD,0.0026,< LOD,0.0033,0.0395,0.0076,< LOD,0.0089,< LOD,0.0111,0.0002,0.0002,< LOD,0.0053,< LOD,0.0017,,,0.0011,0.0009,< LOD,0.0013,< LOD,0.001,0.0014,0.001,< LOD,0.0011,0.0014,0.0009,< LOD,0.0005
887,2,1,,2.0834,0.5378,12.6596,0.3509,67.1262,0.5972,0.0294,0.0153,1.2068,0.0291,< LOD,0.0166,1.8933,0.0241,3.3238,0.0246,0.3259,0.0072,0.0078,0.0075,0.0108,0.0044,0.0582,0.0045,2.1539,0.0204,< LOD,0.0028,0.0031,0.0007,0.0025,0.0005,0.0038,0.0005,0.0005,0.0004,0.0005,0.0005,< LOD,0.0003,0.0064,0.0005,0.0112,0.0006,0.0024,0.0004,0.0307,0.0009,0.0008,0.0005,< LOD,0.0013,,,0.0026,0.0012,,,< LOD,0.001,0.0029,0.0025,< LOD,0.0032,0.0314,0.0077,0.0126,0.0091,0.0144,0.0112,0.0002,0.0002,< LOD,0.0052,< LOD,0.0017,,,,,< LOD,0.0014,< LOD,0.001,< LOD,0.001,< LOD,0.001,< LOD,0.0009,< LOD,0.0005
888,2,2,,2.406,0.6252,15.1673,0.3894,69.6195,0.6111,0.0412,0.0182,1.6848,0.0341,< LOD,0.0169,1.7449,0.0235,6.3647,0.034,0.3672,0.0077,0.019,0.0083,< LOD,0.0046,0.0566,0.0044,2.4171,0.0223,< LOD,0.0029,0.0032,0.0008,0.0027,0.0006,0.0048,0.0006,0.0009,0.0004,< LOD,0.0005,< LOD,0.0003,0.0071,0.0005,0.0111,0.0006,0.0026,0.0004,0.0276,0.0008,0.001,0.0004,< LOD,0.0013,< LOD,0.0009,,,< LOD,0.0013,< LOD,0.001,< LOD,0.0025,< LOD,0.0032,0.0315,0.0065,< LOD,0.009,< LOD,0.0111,0.0003,0.0002,< LOD,0.0053,< LOD,0.0017,,,0.0011,0.0008,< LOD,0.0014,< LOD,0.001,0.0016,0.001,< LOD,0.0012,0.0009,0.0008,< LOD,0.0003
889,2,2,,2.4299,0.5934,15.2164,0.3874,70.5434,0.6166,0.0595,0.0179,1.5914,0.0332,< LOD,0.0169,1.8098,0.0239,5.9452,0.0329,0.3526,0.0076,0.0123,0.0081,< LOD,0.0048,0.0587,0.0045,2.3741,0.022,< LOD,0.0029,0.0034,0.0007,0.0023,0.0005,0.0046,0.0006,0.0004,0.0004,0.0012,0.0005,< LOD,0.0003,0.0069,0.0005,0.0111,0.0006,0.002,0.0004,0.0251,0.0007,0.0006,0.0004,< LOD,0.0013,< LOD,0.0009,0.0019,0.0012,< LOD,0.0013,< LOD,0.001,0.0032,0.0025,0.0052,0.0031,0.0341,0.0066,< LOD,0.0088,< LOD,0.011,0.0003,0.0002,< LOD,0.0054,< LOD,0.0018,,,,,< LOD,0.0014,< LOD,0.0011,< LOD,0.0011,< LOD,0.0011,< LOD,0.0009,< LOD,0.0002
890,2,2,,2.3503,0.5953,14.6292,0.381,69.8288,0.6119,0.0443,0.0175,1.5785,0.0331,< LOD,0.0172,1.7895,0.0238,6.1353,0.0334,0.3545,0.0077,0.0126,0.0082,0.0105,0.0047,0.0587,0.0044,2.4214,0.0222,< LOD,0.0029,0.003,0.0007,0.0023,0.0005,0.0044,0.0006,0.0005,0.0004,0.0006,0.0006,0.0004,0.0003,0.0079,0.0006,0.0111,0.0006,0.0024,0.0004,0.0254,0.0008,0.0009,0.0004,< LOD,0.0013,< LOD,0.001,< LOD,0.0012,< LOD,0.0013,< LOD,0.0011,< LOD,0.0026,< LOD,0.0032,0.0291,0.0067,< LOD,0.009,< LOD,0.0112,0.0003,0.0002,< LOD,0.0054,< LOD,0.0018,< LOD,0.0016,0.001,0.0008,< LOD,0.0015,< LOD,0.0011,0.0014,0.0011,< LOD,0.0012,0.0011,0.0008,< LOD,0.0003
891,2,3,lustru,2.7029,0.6091,16.595,0.4025,74.1105,0.6391,0.0596,0.0175,2.0654,0.0374,< LOD,0.0168,1.9592,0.0251,4.7995,0.0297,0.3497,0.0074,0.0145,0.0082,0.0067,0.0048,0.057,0.0043,2.334,0.0214,< LOD,0.0029,0.0039,0.0008,0.0025,0.0006,0.0045,0.0006,0.0006,0.0004,0.0006,0.0005,< LOD,0.0003,0.0074,0.0005,0.0103,0.0005,0.0021,0.0003,0.0215,0.0006,0.0008,0.0004,< LOD,0.0013,< LOD,0.0009,0.002,0.0012,,,< LOD,0.001,0.0038,0.0025,0.0052,0.0031,0.0301,0.0064,< LOD,0.0084,< LOD,0.0106,0.0003,0.0002,< LOD,0.0048,< LOD,0.0018,< LOD,0.0014,0.0011,0.0008,< LOD,0.0013,< LOD,0.001,0.0024,0.0011,0.0011,0.0011,< LOD,0.0008,< LOD,0.0002
892,2,3,lustru,2.4359,0.5979,15.8534,0.3946,74.7854,0.6424,0.0549,0.0174,2.3124,0.0394,< LOD,0.0169,1.8896,0.0247,4.7333,0.0295,0.3724,0.0076,0.0114,0.0079,0.0116,0.0047,0.0537,0.0042,2.2966,0.0213,< LOD,0.0028,0.0033,0.0008,0.0023,0.0005,0.0041,0.0006,0.0006,0.0004,< LOD,0.0005,< LOD,0.0003,0.007,0.0005,0.01,0.0005,0.0021,0.0003,0.0222,0.0006,0.0007,0.0004,< LOD,0.0013,< LOD,0.0009,0.003,0.0012,,,< LOD,0.001,< LOD,0.0025,< LOD,0.0031,0.0287,0.0064,< LOD,0.0085,< LOD,0.0106,0.0003,0.0002,< LOD,0.005,0.0026,0.0018,,,< LOD,0.0009,< LOD,0.0013,< LOD,0.0011,0.0022,0.0012,< LOD,0.0011,< LOD,0.0008,< LOD,0.0002
893,2,3,lustru,2.6831,0.5895,15.7307,0.3913,72.6567,0.6298,0.0447,0.0168,2.1129,0.0376,< LOD,0.0165,1.8958,0.0245,4.6812,0.0292,0.3555,0.0074,0.0134,0.0079,0.0123,0.0048,0.057,0.0043,2.276,0.0212,< LOD,0.0028,0.004,0.0008,0.0027,0.0006,0.0047,0.0006,0.0005,0.0004,0.0007,0.0006,< LOD,0.0003,0.0072,0.0005,0.0107,0.0005,0.0019,0.0003,0.0232,0.0007,0.0008,0.0004,< LOD,0.0012,< LOD,0.0009,,,< LOD,0.0013,0.0011,0.001,< LOD,0.0026,< LOD,0.0032,0.0363,0.0068,< LOD,0.0087,< LOD,0.0109,0.0002,0.0002,< LOD,0.0052,< LOD,0.0018,< LOD,0.0014,,,< LOD,0.0014,< LOD,0.001,0.0022,0.0011,< LOD,0.0011,< LOD,0.0008,< LOD,0.0002
894,2,3,matrice,2.0241,0.5527,13.5261,0.3626,68.2922,0.6045,0.0238,0.0154,1.121,0.0284,< LOD,0.0165,1.9697,0.0246,3.386,0.0249,0.3617,0.0074,< LOD,0.0076,0.0078,0.0044,0.0546,0.0043,2.1602,0.0204,< LOD,0.0028,0.0036,0.0008,0.0015,0.0006,0.0039,0.0006,< LOD,0.0004,0.0006,0.0006,< LOD,0.0003,0.0074,0.0006,0.0104,0.0006,0.0019,0.0004,0.0293,0.0009,0.0009,0.0004,< LOD,0.0013,< LOD,0.0009,,,< LOD,0.0013,< LOD,0.0011,< LOD,0.0027,< LOD,0.0031,0.0394,0.008,< LOD,0.0094,< LOD,0.0116,0.0003,0.0002,< LOD,0.0051,< LOD,0.0018,< LOD,0.0016,< LOD,0.0008,< LOD,0.0013,< LOD,0.0011,0.0016,0.0011,< LOD,0.0011,< LOD,0.0008,< LOD,0.0004
895,2,3,matrice,1.6129,0.537,12.7737,0.3529,67.7686,0.6011,0.025,0.0151,1.0163,0.0272,< LOD,0.0166,1.9501,0.0245,3.2441,0.0244,0.3539,0.0074,0.0132,0.0076,0.0102,0.0043,0.0566,0.0044,2.1724,0.0205,< LOD,0.0027,0.0042,0.0008,0.0016,0.0006,0.0044,0.0006,< LOD,0.0004,< LOD,0.0006,< LOD,0.0003,0.0076,0.0006,0.0104,0.0006,0.0021,0.0004,0.0319,0.0009,0.0005,0.0004,< LOD,0.0013,< LOD,0.0009,0.0026,0.0012,< LOD,0.0014,< LOD,0.0011,< LOD,0.0027,< LOD,0.0031,0.0379,0.0083,< LOD,0.0095,0.0132,0.0118,0.0003,0.0002,0.0055,0.0051,0.0026,0.0019,< LOD,0.0016,< LOD,0.0008,< LOD,0.0013,< LOD,0.0011,0.0016,0.0011,< LOD,0.0012,< LOD,0.0008,< LOD,0.0005
897,2,4,lustru,2.8528,0.6145,14.5215,0.3728,50.1774,0.5082,0.0196,0.0137,1.0879,0.0267,< LOD,0.0171,2.0842,0.0245,1.5746,0.0174,0.3766,0.0073,0.0125,0.0081,0.0129,0.0045,0.0668,0.0048,3.7327,0.0258,< LOD,0.0036,0.0067,0.001,0.0042,0.0007,0.0055,0.0007,0.0011,0.0005,< LOD,0.0007,< LOD,0.0003,0.0084,0.0007,0.0121,0.0007,0.0024,0.0005,0.0295,0.0011,0.0006,0.0004,< LOD,0.0013,< LOD,0.0009,0.002,0.0011,,,< LOD,0.0012,0.004,0.0029,< LOD,0.003,0.0462,0.0109,< LOD,0.0127,< LOD,0.0149,< LOD,0.0002,< LOD,0.0055,< LOD,0.002,< LOD,0.0016,,,< LOD,0.0013,< LOD,0.0012,0.0025,0.0013,< LOD,0.0015,< LOD,0.0009,< LOD,0.001
898,2,4,lustru,2.7843,0.6089,14.5166,0.3722,48.9745,0.501,0.031,0.0141,1.3066,0.0287,< LOD,0.0168,2.0397,0.0241,1.6617,0.0178,0.3729,0.0072,0.0095,0.008,0.0096,0.0047,0.0576,0.0046,3.8185,0.0261,< LOD,0.0036,0.0069,0.0011,0.0032,0.0007,0.0061,0.0007,0.0011,0.0005,0.0013,0.0007,< LOD,0.0003,0.0083,0.0006,0.0121,0.0007,0.0025,0.0005,0.0311,0.0011,0.0005,0.0004,< LOD,0.0014,< LOD,0.0009,0.0012,0.0011,,,< LOD,0.0012,< LOD,0.0029,0.0034,0.003,0.0524,0.0108,< LOD,0.0126,< LOD,0.0151,0.0005,0.0002,< LOD,0.0058,< LOD,0.002,,,,,< LOD,0.0013,< LOD,0.0012,< LOD,0.0012,< LOD,0.0014,< LOD,0.0009,< LOD,0.0011
899,2,4,lustru,2.7547,0.6027,14.8841,0.3768,50.7725,0.512,0.024,0.0138,0.9889,0.0256,< LOD,0.0169,2.1062,0.0246,1.5842,0.0175,0.3814,0.0073,< LOD,0.0079,0.0102,0.0047,0.0368,0.004,3.922,0.0263,< LOD,0.0037,0.0065,0.0011,0.0031,0.0007,0.0059,0.0007,0.0009,0.0005,0.0011,0.0007,< LOD,0.0003,0.0082,0.0006,0.0111,0.0007,0.0024,0.0005,0.0295,0.0011,< LOD,0.0005,< LOD,0.0014,< LOD,0.0009,,,< LOD,0.0014,0.0014,0.0011,< LOD,0.0029,< LOD,0.003,0.0536,0.0104,< LOD,0.0121,0.0187,0.0143,0.0002,0.0002,< LOD,0.0056,< LOD,0.002,,,< LOD,0.0008,< LOD,0.0013,< LOD,0.0013,0.0013,0.0012,< LOD,0.0013,< LOD,0.0009,< LOD,0.001
900,2,4,matrice,2.297,0.55,12.8976,0.3544,67.9034,0.6015,0.0283,0.015,0.7634,0.0243,< LOD,0.0165,1.9063,0.0242,3.2866,0.0245,0.3592,0.0074,0.0087,0.0077,0.0079,0.0045,0.0592,0.0045,2.2722,0.0209,< LOD,0.0028,0.0038,0.0008,0.0022,0.0005,0.0042,0.0006,0.0005,0.0004,< LOD,0.0005,< LOD,0.0003,0.0073,0.0006,0.0122,0.0006,0.0023,0.0004,0.033,0.001,0.0008,0.0005,< LOD,0.0013,< LOD,0.001,< LOD,0.0012,< LOD,0.0013,< LOD,0.0011,< LOD,0.0026,< LOD,0.0032,0.0436,0.0079,< LOD,0.0093,< LOD,0.0115,0.0003,0.0002,< LOD,0.0055,< LOD,0.0018,< LOD,0.0017,,,< LOD,0.0014,< LOD,0.001,0.0014,0.0011,< LOD,0.0011,< LOD,0.0009,< LOD,0.0005
901,2,4,matrice,1.7918,0.5286,13.3007,0.3585,68.5959,0.6057,0.0349,0.0151,0.7227,0.0238,< LOD,0.0164,1.9322,0.0244,3.278,0.0245,0.3483,0.0073,0.0097,0.0076,0.0079,0.0044,0.0569,0.0043,2.2153,0.0207,< LOD,0.0028,0.0039,0.0008,0.0022,0.0006,0.0037,0.0006,0.0007,0.0004,< LOD,0.0005,< LOD,0.0003,0.0069,0.0005,0.0111,0.0006,0.0022,0.0004,0.0309,0.0009,< LOD,0.0004,< LOD,0.0013,< LOD,0.001,,,< LOD,0.0012,< LOD,0.001,0.0027,0.0026,< LOD,0.0032,0.042,0.0077,< LOD,0.009,< LOD,0.0111,0.0003,0.0002,< LOD,0.0053,< LOD,0.0017,,,0.0013,0.0009,< LOD,0.0012,< LOD,0.001,0.0022,0.0011,< LOD,0.0012,0.0012,0.0009,< LOD,0.0005
908,3,1,nears,3.2942,0.6049,13.7144,0.3671,59.6795,0.5571,0.0353,0.0161,< LOD,0.0122,< LOD,0.0167,2.4316,0.0266,4.6676,0.0291,0.3681,0.0076,0.0094,0.0081,0.0091,0.0049,0.0682,0.0049,3.1746,0.0249,0.0062,0.0034,0.0044,0.0009,0.0031,0.0006,0.0058,0.0007,0.0011,0.0004,0.0011,0.0006,< LOD,0.0003,0.0099,0.0006,0.017,0.0007,0.0025,0.0004,0.0248,0.0009,0.0006,0.0005,< LOD,0.0014,< LOD,0.0009,0.0013,0.0012,,,< LOD,0.0011,< LOD,0.0027,< LOD,0.0032,0.0524,0.0082,< LOD,0.0104,0.0161,0.0127,< LOD,0.0002,< LOD,0.0053,< LOD,0.0019,,,,,< LOD,0.0014,< LOD,0.0011,< LOD,0.0011,< LOD,0.0012,< LOD,0.0009,< LOD,0.0006
909,3,1,nears,3.1467,0.6141,13.8645,0.368,56.8993,0.5415,0.0356,0.016,< LOD,0.0122,< LOD,0.0169,2.35,0.0261,4.492,0.0285,0.3568,0.0076,0.0167,0.0084,0.0077,0.0048,0.0664,0.0048,3.0505,0.0243,< LOD,0.0033,0.0052,0.0009,0.0029,0.0006,0.0062,0.0007,0.0008,0.0004,0.0009,0.0006,< LOD,0.0003,0.0089,0.0006,0.0168,0.0008,0.0025,0.0004,0.0251,0.001,0.0009,0.0005,< LOD,0.0013,< LOD,0.0009,0.0014,0.0012,,,< LOD,0.0011,< LOD,0.0027,< LOD,0.0031,0.0507,0.0085,< LOD,0.0106,0.0131,0.0129,< LOD,0.0002,< LOD,0.0054,< LOD,0.0019,,,,,< LOD,0.0013,< LOD,0.0011,< LOD,0.0011,< LOD,0.0013,< LOD,0.0009,< LOD,0.0008
910,3,1,nears,3.024,0.6064,13.9836,0.37,58.6616,0.5515,0.0404,0.0163,< LOD,0.0122,< LOD,0.0167,2.3722,0.0263,4.6076,0.0289,0.3816,0.0077,< LOD,0.008,0.0114,0.0048,0.063,0.0047,3.0887,0.0245,0.0034,0.0033,0.0043,0.0009,0.0034,0.0006,0.0056,0.0006,0.0009,0.0004,0.0012,0.0006,< LOD,0.0003,0.009,0.0006,0.0169,0.0007,0.0028,0.0004,0.0239,0.0009,0.0005,0.0005,< LOD,0.0014,< LOD,0.0009,0.0016,0.0012,< LOD,0.0013,< LOD,0.0011,< LOD,0.0027,< LOD,0.0032,0.0415,0.0084,< LOD,0.0107,< LOD,0.0129,< LOD,0.0002,< LOD,0.0054,< LOD,0.0018,< LOD,0.0016,0.0014,0.0008,< LOD,0.0013,< LOD,0.0012,< LOD,0.0011,< LOD,0.0013,< LOD,0.0009,< LOD,0.0007
911,3,2,matrice,2.9149,0.5799,11.0553,0.3276,48.6651,0.491,0.0216,0.0151,0.1069,0.0135,0.0514,0.018,1.8958,0.023,4.0084,0.0266,0.291,0.007,< LOD,0.0072,0.0054,0.0044,0.0564,0.0047,2.6565,0.0227,< LOD,0.0031,0.0043,0.001,0.0018,0.0007,0.0061,0.0007,< LOD,0.0005,0.0009,0.0007,< LOD,0.0003,0.0107,0.0007,0.0159,0.0008,0.0026,0.0005,0.028,0.0012,< LOD,0.0004,< LOD,0.0013,< LOD,0.0008,0.0011,0.0011,,,< LOD,0.0012,0.0031,0.0031,< LOD,0.0028,0.0686,0.0112,< LOD,0.0129,< LOD,0.0155,< LOD,0.0002,0.0059,0.0052,< LOD,0.0021,< LOD,0.0016,,,< LOD,0.0011,< LOD,0.0013,0.0017,0.0013,< LOD,0.0014,< LOD,0.0009,< LOD,0.001
912,3,2,matrice,3.0552,0.5839,11.7221,0.3374,50.7139,0.5037,0.0378,0.0157,0.094,0.0133,0.0638,0.0181,2.071,0.024,4.2065,0.0273,0.3233,0.0071,< LOD,0.0073,0.0067,0.0044,0.0603,0.0048,2.7293,0.023,< LOD,0.0031,0.0055,0.0011,0.0032,0.0007,0.007,0.0008,0.0009,0.0005,0.0018,0.0008,< LOD,0.0003,0.0107,0.0008,0.0162,0.0008,0.0022,0.0004,0.0268,0.0011,0.0008,0.0004,< LOD,0.0013,< LOD,0.0008,0.0013,0.0011,< LOD,0.0015,< LOD,0.0012,< LOD,0.0032,< LOD,0.0028,0.0464,0.0108,< LOD,0.013,< LOD,0.0155,0.0003,0.0002,< LOD,0.0051,< LOD,0.0021,< LOD,0.0015,,,< LOD,0.0011,< LOD,0.0014,0.0016,0.0014,0.0019,0.0016,< LOD,0.0009,< LOD,0.0009
913,3,2,matrice,2.6751,0.5906,10.7175,0.3241,47.901,0.4866,0.0225,0.0153,0.0966,0.0134,0.0544,0.0181,1.8534,0.0227,3.9197,0.0263,0.2952,0.007,< LOD,0.0072,0.009,0.0044,0.0553,0.0047,2.6097,0.0225,< LOD,0.0031,0.0056,0.0011,0.0034,0.0007,0.0059,0.0007,0.0007,0.0005,0.0011,0.0008,< LOD,0.0003,0.0113,0.0008,0.0152,0.0007,0.0028,0.0005,0.0282,0.0012,< LOD,0.0004,< LOD,0.0013,< LOD,0.0008,< LOD,0.0011,< LOD,0.0016,< LOD,0.0013,< LOD,0.0033,< LOD,0.0028,0.0572,0.0118,< LOD,0.0135,< LOD,0.0163,< LOD,0.0002,< LOD,0.0051,< LOD,0.0022,,,< LOD,0.0007,< LOD,0.0012,< LOD,0.0013,0.0019,0.0014,< LOD,0.0016,< LOD,0.0009,< LOD,0.001
914,3,2,lustru,3.4821,0.6321,12.264,0.3534,58.9319,0.5482,0.0339,0.0178,0.1653,0.0158,0.0452,0.0182,1.7944,0.0231,6.8962,0.0351,0.354,0.0077,0.0109,0.0084,0.0073,0.0051,0.0624,0.0049,3.1898,0.0256,0.007,0.0034,0.0051,0.001,0.0035,0.0007,0.0067,0.0008,0.0012,0.0005,0.0014,0.0007,0.0003,0.0003,0.0105,0.0007,0.0163,0.0007,0.0025,0.0004,0.0225,0.0009,0.0005,0.0004,< LOD,0.0013,< LOD,0.0009,0.0015,0.0011,< LOD,0.0014,< LOD,0.0011,< LOD,0.0029,< LOD,0.003,0.0487,0.0084,< LOD,0.0111,0.0148,0.0136,0.0003,0.0002,< LOD,0.0053,< LOD,0.002,< LOD,0.0016,,,< LOD,0.0013,< LOD,0.0012,0.0019,0.0013,< LOD,0.0013,0.0012,0.0009,< LOD,0.0005
915,3,2,lustru,3.2906,0.6428,12.6491,0.3585,56.9396,0.5379,0.0347,0.0182,0.2019,0.0166,0.0642,0.0185,1.8254,0.0232,6.7931,0.0348,0.3445,0.0076,0.0102,0.0081,0.0111,0.0048,0.0646,0.0048,3.1465,0.0254,< LOD,0.0033,0.0055,0.001,0.0031,0.0007,0.0069,0.0008,0.0008,0.0005,0.0016,0.0007,< LOD,0.0003,0.0117,0.0007,0.017,0.0007,0.0025,0.0004,0.0263,0.001,0.0005,0.0004,< LOD,0.0013,< LOD,0.0009,0.0012,0.0011,,,< LOD,0.0012,0.0047,0.003,< LOD,0.0029,0.0431,0.0087,< LOD,0.0115,0.0164,0.014,0.0003,0.0002,< LOD,0.0051,< LOD,0.002,< LOD,0.0016,,,< LOD,0.0012,< LOD,0.0012,< LOD,0.0013,< LOD,0.0013,< LOD,0.0008,0.0007,0.0006
916,3,2,lustru,3.7329,0.6446,12.7827,0.3605,59.1918,0.5501,0.0393,0.018,0.1985,0.0164,0.0431,0.0182,1.8201,0.0233,7.0078,0.0354,0.3616,0.0077,0.0144,0.0085,0.0111,0.0049,0.0674,0.0049,3.2609,0.0259,0.0039,0.0034,0.005,0.0009,0.0038,0.0007,0.007,0.0008,0.001,0.0005,0.0009,0.0007,< LOD,0.0003,0.0112,0.0007,0.0165,0.0007,0.0026,0.0004,0.0245,0.0009,0.0008,0.0004,< LOD,0.0013,< LOD,0.0009,,,,,< LOD,0.0012,0.0032,0.003,< LOD,0.003,0.0428,0.0085,< LOD,0.0114,< LOD,0.0141,< LOD,0.0002,< LOD,0.0051,< LOD,0.002,,,,,< LOD,0.0012,< LOD,0.0011,0.0018,0.0012,< LOD,0.0015,< LOD,0.0008,< LOD,0.0005
917,3,3,lustru,4.3241,0.669,15.417,0.394,65.6921,0.5911,0.0432,0.0178,0.0243,0.0134,< LOD,0.0171,2.3673,0.0268,6.4272,0.0342,0.4064,0.008,0.0119,0.0086,0.0072,0.0052,0.0614,0.0046,3.4216,0.0262,< LOD,0.0034,0.0051,0.0009,0.0028,0.0007,0.0076,0.0008,0.0006,0.0004,0.001,0.0007,< LOD,0.0003,0.011,0.0007,0.0167,0.0007,0.0023,0.0004,0.02,0.0007,0.0014,0.0004,< LOD,0.0013,< LOD,0.0009,< LOD,0.0011,< LOD,0.0014,< LOD,0.0011,0.0028,0.0028,< LOD,0.0031,0.0393,0.0072,< LOD,0.0103,< LOD,0.0126,0.0002,0.0002,< LOD,0.0053,< LOD,0.002,,,,,< LOD,0.0014,< LOD,0.0012,0.0023,0.0013,< LOD,0.0013,0.001,0.0008,< LOD,0.0003
918,3,3,lustru,4.6601,0.6669,14.8591,0.3866,64.5591,0.5838,0.052,0.0178,0.0201,0.013,< LOD,0.0169,2.3085,0.0263,6.48,0.0343,0.3953,0.008,0.0112,0.0088,0.0085,0.0052,0.062,0.0047,3.3683,0.026,0.0048,0.0034,0.0057,0.0009,0.003,0.0007,0.0063,0.0008,0.001,0.0005,0.001,0.0006,< LOD,0.0003,0.0102,0.0007,0.0165,0.0007,0.0024,0.0004,0.0197,0.0007,0.0011,0.0004,< LOD,0.0013,< LOD,0.0009,0.0016,0.0011,,,< LOD,0.0011,< LOD,0.0027,< LOD,0.003,0.0424,0.0074,< LOD,0.0104,0.0185,0.0126,< LOD,0.0002,< LOD,0.0052,< LOD,0.002,< LOD,0.0016,,,< LOD,0.0014,< LOD,0.0011,0.0021,0.0012,< LOD,0.0012,< LOD,0.0008,< LOD,0.0003
919,3,3,lustru,4.1265,0.6604,14.6478,0.3854,65.2928,0.588,0.0535,0.0184,0.0178,0.0135,< LOD,0.0171,2.278,0.0262,6.6265,0.0347,0.3909,0.008,0.009,0.0086,0.0123,0.0055,0.0707,0.0049,3.3642,0.0261,0.0055,0.0034,0.0045,0.0009,0.0036,0.0007,0.0074,0.0008,0.001,0.0005,< LOD,0.0006,< LOD,0.0003,0.0108,0.0007,0.0167,0.0007,0.0029,0.0004,0.0208,0.0007,0.0012,0.0004,< LOD,0.0012,< LOD,0.0009,< LOD,0.0011,< LOD,0.0014,< LOD,0.0011,< LOD,0.0028,< LOD,0.0031,0.0457,0.0073,< LOD,0.0102,< LOD,0.0126,0.0002,0.0002,< LOD,0.0049,< LOD,0.002,,,,,< LOD,0.0014,< LOD,0.0011,0.002,0.0013,< LOD,0.0014,< LOD,0.0008,< LOD,0.0003
920,3,4,matrice,4.3299,0.6747,17.2625,0.4127,65.1187,0.5916,0.0515,0.0174,0.0206,0.0131,< LOD,0.0169,2.7706,0.0288,5.2242,0.0309,0.4227,0.008,0.013,0.0085,0.0108,0.0052,0.0592,0.0043,3.3846,0.0256,0.0051,0.0034,0.0043,0.0009,0.0035,0.0006,0.0068,0.0007,0.0014,0.0005,0.0007,0.0006,< LOD,0.0003,0.0108,0.0007,0.016,0.0007,0.0021,0.0004,0.0195,0.0006,0.0007,0.0004,< LOD,0.0013,< LOD,0.0009,0.0019,0.0011,,,< LOD,0.0011,< LOD,0.0027,0.0032,0.0031,0.0387,0.0071,< LOD,0.01,0.0174,0.0122,< LOD,0.0002,< LOD,0.005,< LOD,0.0019,,,,,< LOD,0.0014,< LOD,0.0012,0.0023,0.0012,< LOD,0.0013,0.0019,0.0008,0.0004,0.0003
921,3,4,matrice,4.0729,0.6558,16.8176,0.4068,63.8744,0.584,0.0568,0.0172,0.0305,0.013,< LOD,0.017,2.7106,0.0284,5.2985,0.0311,0.4322,0.008,0.0116,0.0084,0.0083,0.0049,0.0602,0.0044,3.4619,0.0259,0.0056,0.0035,0.0062,0.001,0.0033,0.0006,0.0071,0.0007,0.0008,0.0004,0.0017,0.0006,0.0004,0.0003,0.0109,0.0007,0.0164,0.0007,0.0027,0.0004,0.0196,0.0007,0.0011,0.0004,< LOD,0.0013,< LOD,0.0009,,,,,< LOD,0.0011,0.0043,0.0027,0.0042,0.003,0.0417,0.0073,< LOD,0.0103,< LOD,0.0125,0.0003,0.0002,< LOD,0.0054,< LOD,0.002,< LOD,0.0015,,,< LOD,0.0014,< LOD,0.0011,0.0014,0.0012,< LOD,0.0012,0.001,0.0008,0.0004,0.0004
922,3,4,matrice,4.9865,0.6752,17.6074,0.4167,65.4404,0.5936,0.0527,0.0171,0.0254,0.0129,< LOD,0.0169,2.8508,0.0292,5.4893,0.0317,0.4518,0.0082,0.018,0.009,0.0089,0.005,0.0583,0.0043,3.5578,0.0263,< LOD,0.0034,0.0053,0.0009,0.0025,0.0006,0.0075,0.0008,0.0009,0.0005,0.0013,0.0006,< LOD,0.0003,0.0112,0.0007,0.0161,0.0007,0.0025,0.0004,0.0172,0.0006,0.0009,0.0004,< LOD,0.0013,< LOD,0.0009,,,,,< LOD,0.0011,< LOD,0.0027,< LOD,0.003,0.0364,0.0071,< LOD,0.0101,< LOD,0.0124,0.0003,0.0002,< LOD,0.0052,< LOD,0.0019,< LOD,0.0015,< LOD,0.0008,< LOD,0.0013,< LOD,0.0012,< LOD,0.0012,< LOD,0.0013,0.0009,0.0008,< LOD,0.0003
923,3,4,lustru,4.807,0.6976,17.5159,0.4162,64.4491,0.587,0.0594,0.0177,0.0237,0.0131,< LOD,0.0169,2.6469,0.0281,5.7655,0.0324,0.4181,0.008,0.0138,0.0089,0.0091,0.0054,0.0587,0.0045,3.3402,0.0255,< LOD,0.0033,0.0046,0.0009,0.0031,0.0006,0.0069,0.0008,0.0011,0.0004,0.001,0.0006,< LOD,0.0003,0.0107,0.0007,0.0159,0.0007,0.0025,0.0004,0.0169,0.0006,0.0008,0.0004,< LOD,0.0013,< LOD,0.0009,0.0013,0.0011,,,< LOD,0.0011,< LOD,0.0028,< LOD,0.003,0.0431,0.0072,< LOD,0.0103,< LOD,0.0127,0.0002,0.0002,< LOD,0.005,< LOD,0.0019,< LOD,0.0015,,,< LOD,0.0013,< LOD,0.0012,< LOD,0.0012,< LOD,0.0013,< LOD,0.0008,< LOD,0.0003
924,3,4,lustru,4.8006,0.6929,17.5218,0.4167,65.0735,0.5906,0.0467,0.0177,0.0202,0.0132,< LOD,0.017,2.6358,0.0281,5.8425,0.0326,0.4163,0.0079,0.0147,0.0086,0.0138,0.0052,0.0697,0.0047,3.3286,0.0255,0.0036,0.0034,0.0053,0.0009,0.0036,0.0007,0.0074,0.0008,0.0012,0.0005,0.0008,0.0006,< LOD,0.0003,0.0105,0.0007,0.0151,0.0007,0.0024,0.0004,0.0167,0.0006,0.001,0.0004,< LOD,0.0013,< LOD,0.0009,,,,,< LOD,0.0011,< LOD,0.0027,< LOD,0.003,0.0386,0.007,< LOD,0.0101,< LOD,0.0124,< LOD,0.0002,< LOD,0.005,< LOD,0.0019,,,,,< LOD,0.0013,< LOD,0.0012,0.0014,0.0012,< LOD,0.0013,< LOD,0.0008,< LOD,0.0003
925,3,4,lustru,3.8929,0.663,17.5161,0.4148,65.0112,0.5899,0.063,0.0175,< LOD,0.0126,< LOD,0.0168,2.6363,0.0281,5.8133,0.0326,0.4098,0.0079,0.0159,0.0087,0.0119,0.0051,0.0599,0.0044,3.3929,0.0258,< LOD,0.0034,0.0055,0.0009,0.0034,0.0006,0.0065,0.0007,0.0012,0.0004,0.0009,0.0006,< LOD,0.0003,0.0105,0.0007,0.0163,0.0007,0.0027,0.0004,0.0181,0.0006,0.0005,0.0004,< LOD,0.0013,< LOD,0.0009,< LOD,0.0011,< LOD,0.0014,< LOD,0.0011,< LOD,0.0027,< LOD,0.003,0.0377,0.0071,< LOD,0.0102,< LOD,0.0125,0.0002,0.0002,< LOD,0.005,< LOD,0.0019,,,,,< LOD,0.0013,< LOD,0.0011,0.0018,0.0012,< LOD,0.0013,< LOD,0.0008,< LOD,0.0003
926,3,5,lustru,3.94,0.6629,15.9817,0.3978,63.9585,0.5823,0.0506,0.0175,0.0272,0.0133,< LOD,0.0171,2.4322,0.027,5.6311,0.032,0.4013,0.0079,0.0099,0.0085,0.0079,0.005,0.0577,0.0044,3.1213,0.0248,< LOD,0.0033,0.0052,0.001,0.0031,0.0007,0.0067,0.0007,0.0011,0.0004,0.0008,0.0006,0.0003,0.0003,0.0097,0.0007,0.016,0.0007,0.0027,0.0004,0.0177,0.0007,0.0008,0.0004,< LOD,0.0012,,,0.0026,0.0011,,,0.0015,0.0011,0.0047,0.0028,< LOD,0.003,0.0467,0.0076,< LOD,0.0103,0.0175,0.0126,0.0002,0.0002,< LOD,0.0051,< LOD,0.0019,,,,,< LOD,0.0013,< LOD,0.0012,0.0014,0.0013,< LOD,0.0012,< LOD,0.0008,< LOD,0.0004
927,3,5,lustru,4.6188,0.6702,15.7933,0.3949,63.816,0.5807,0.0367,0.0171,0.0254,0.0131,< LOD,0.0169,2.3866,0.0267,5.5533,0.0317,0.3684,0.0077,0.009,0.0081,0.007,0.005,0.0591,0.0044,3.0373,0.0244,0.0047,0.0032,0.0051,0.0009,0.003,0.0007,0.0074,0.0008,0.0006,0.0005,0.0012,0.0006,< LOD,0.0003,0.0108,0.0007,0.016,0.0007,0.0026,0.0004,0.0191,0.0007,0.0005,0.0004,< LOD,0.0013,< LOD,0.0009,,,< LOD,0.0014,< LOD,0.0011,0.0048,0.0027,0.0036,0.0029,0.0451,0.0076,0.011,0.0103,< LOD,0.0126,< LOD,0.0002,< LOD,0.0052,< LOD,0.002,,,,,< LOD,0.0013,< LOD,0.0012,0.0013,0.0012,< LOD,0.0013,0.0009,0.0008,< LOD,0.0004
928,3,5,lustru,4.1562,0.6686,16.4192,0.4029,65.1548,0.5892,0.051,0.0175,0.0374,0.0134,< LOD,0.0169,2.4704,0.0272,5.6842,0.0321,0.3935,0.0078,0.0146,0.0086,0.0083,0.005,0.0555,0.0043,3.1374,0.0248,< LOD,0.0033,0.0052,0.001,0.0033,0.0007,0.0063,0.0008,0.0008,0.0004,0.0008,0.0007,< LOD,0.0003,0.0101,0.0007,0.0159,0.0007,0.0023,0.0004,0.0181,0.0007,0.0008,0.0004,< LOD,0.0012,< LOD,0.0009,,,< LOD,0.0014,< LOD,0.0011,< LOD,0.0028,< LOD,0.003,0.0384,0.0075,< LOD,0.0102,0.0183,0.0127,< LOD,0.0002,< LOD,0.0053,< LOD,0.0019,< LOD,0.0016,,,< LOD,0.0014,< LOD,0.0012,< LOD,0.0012,< LOD,0.0014,< LOD,0.0008,< LOD,0.0003
929,4,1,nears,3.1344,0.6056,14.7028,0.3803,63.0695,0.5765,0.0585,0.0173,< LOD,0.0125,< LOD,0.0168,2.427,0.0269,5.392,0.0313,0.3541,0.0076,0.0093,0.0081,0.0072,0.005,0.0678,0.0048,3.0362,0.0245,0.0034,0.0033,0.0047,0.0008,0.0025,0.0006,0.0052,0.0006,0.0005,0.0004,< LOD,0.0005,< LOD,0.0003,0.0084,0.0006,0.0144,0.0007,0.0022,0.0004,0.0187,0.0007,0.0007,0.0004,< LOD,0.0013,< LOD,0.0009,0.0015,0.0012,,,0.0013,0.001,< LOD,0.0025,0.0045,0.0032,0.0346,0.0071,< LOD,0.0096,< LOD,0.0116,< LOD,0.0002,< LOD,0.0053,< LOD,0.0018,,,,,< LOD,0.0013,< LOD,0.001,0.0014,0.0011,< LOD,0.0012,< LOD,0.0009,< LOD,0.0005
930,4,1,nears,3.2396,0.611,14.9253,0.383,64.316,0.5831,0.0475,0.017,< LOD,0.0124,< LOD,0.0167,2.3988,0.0268,5.4629,0.0315,0.3443,0.0075,0.0122,0.0081,0.0166,0.005,0.0673,0.0047,3.0014,0.0244,< LOD,0.0032,0.0042,0.0008,0.003,0.0006,0.0053,0.0006,0.0013,0.0004,< LOD,0.0005,< LOD,0.0003,0.0083,0.0006,0.0142,0.0007,0.002,0.0004,0.0192,0.0007,0.0011,0.0004,< LOD,0.0013,< LOD,0.0009,,,,,< LOD,0.001,< LOD,0.0026,< LOD,0.0032,0.0375,0.007,< LOD,0.0095,< LOD,0.0116,0.0002,0.0002,< LOD,0.0052,< LOD,0.0018,< LOD,0.0015,,,< LOD,0.0013,< LOD,0.001,0.003,0.0012,< LOD,0.0011,< LOD,0.0008,< LOD,0.0004
931,4,1,nears,3.42,0.6067,14.3201,0.3752,63.5566,0.5783,0.0388,0.0165,< LOD,0.0124,< LOD,0.0164,2.3464,0.0264,5.3552,0.0311,0.3418,0.0075,0.0102,0.0083,0.0099,0.0049,0.065,0.0047,2.9724,0.0243,< LOD,0.0032,0.0046,0.0008,0.0029,0.0006,0.0048,0.0006,0.0009,0.0004,0.0008,0.0005,0.0004,0.0003,0.0082,0.0006,0.0147,0.0007,0.0022,0.0004,0.0198,0.0008,0.0007,0.0004,< LOD,0.0013,< LOD,0.0009,,,,,< LOD,0.001,< LOD,0.0026,< LOD,0.0032,0.0333,0.0072,< LOD,0.0095,< LOD,0.0115,0.0003,0.0002,< LOD,0.0052,< LOD,0.0017,,,,,< LOD,0.0013,< LOD,0.001,0.002,0.0011,< LOD,0.0011,< LOD,0.0008,0.0006,0.0005
932,4,2,matrice,2.7595,0.5811,12.6878,0.3499,54.303,0.5236,0.0447,0.0162,0.0194,0.012,< LOD,0.0168,1.9788,0.0238,4.6806,0.0288,0.269,0.0068,< LOD,0.007,0.0109,0.0043,0.0603,0.0045,2.5271,0.0222,< LOD,0.003,0.0047,0.001,0.003,0.0007,0.0051,0.0007,0.0007,0.0004,0.0009,0.0007,< LOD,0.0003,0.0081,0.0007,0.0132,0.0007,0.0024,0.0004,0.023,0.001,< LOD,0.0004,< LOD,0.0013,< LOD,0.0009,,,< LOD,0.0015,< LOD,0.0012,< LOD,0.003,< LOD,0.0029,0.0489,0.0098,< LOD,0.012,< LOD,0.0145,0.0003,0.0002,< LOD,0.0053,< LOD,0.002,< LOD,0.0016,,,< LOD,0.0012,< LOD,0.0012,0.0014,0.0013,< LOD,0.0013,< LOD,0.0008,< LOD,0.0008
933,4,2,matrice,3.015,0.6041,12.1889,0.345,53.9725,0.5214,0.0323,0.016,< LOD,0.0118,< LOD,0.0165,1.9608,0.0237,4.7476,0.029,0.2703,0.0068,< LOD,0.0071,0.0117,0.0042,0.058,0.0046,2.5468,0.0224,< LOD,0.003,0.0048,0.001,0.0028,0.0007,0.0048,0.0007,0.0007,0.0004,0.0007,0.0006,< LOD,0.0003,0.0082,0.0007,0.0133,0.0007,0.0024,0.0004,0.023,0.001,< LOD,0.0004,< LOD,0.0013,< LOD,0.0008,0.002,0.0011,,,< LOD,0.0012,< LOD,0.003,< LOD,0.0029,0.0423,0.01,< LOD,0.0121,< LOD,0.0145,< LOD,0.0002,< LOD,0.0051,< LOD,0.002,,,,,< LOD,0.0012,< LOD,0.0013,0.0019,0.0013,< LOD,0.0013,< LOD,0.0008,< LOD,0.0008
934,4,2,matrice,2.9264,0.5849,12.3727,0.3463,54.1465,0.5225,0.0332,0.0159,< LOD,0.0117,< LOD,0.0165,1.9743,0.0237,4.6478,0.0287,0.2893,0.0069,< LOD,0.0072,0.0123,0.0045,0.056,0.0046,2.5524,0.0224,< LOD,0.003,0.0051,0.001,0.0034,0.0007,0.0054,0.0007,< LOD,0.0004,< LOD,0.0007,< LOD,0.0003,0.0092,0.0007,0.0132,0.0007,0.0021,0.0004,0.024,0.001,0.0006,0.0004,< LOD,0.0013,< LOD,0.0008,0.0014,0.0011,< LOD,0.0015,< LOD,0.0012,< LOD,0.003,< LOD,0.0028,0.0464,0.01,< LOD,0.0121,< LOD,0.0146,< LOD,0.0002,< LOD,0.0054,< LOD,0.0021,< LOD,0.0015,,,< LOD,0.0012,< LOD,0.0012,0.0023,0.0014,< LOD,0.0014,< LOD,0.0008,< LOD,0.0008
935,4,2,lustru,2.5017,0.604,12.2256,0.3534,60.2358,0.555,0.0472,0.0187,0.0414,0.0138,< LOD,0.0171,1.8189,0.0233,7.5586,0.0368,0.3222,0.0075,0.0126,0.0082,0.0106,0.0047,0.0594,0.0047,2.915,0.0248,< LOD,0.0032,0.0049,0.0009,0.0037,0.0007,0.0056,0.0007,0.0006,0.0004,< LOD,0.0006,< LOD,0.0003,0.0091,0.0007,0.0142,0.0007,0.0023,0.0004,0.0203,0.0008,< LOD,0.0004,< LOD,0.0012,< LOD,0.0009,0.0017,0.0011,,,< LOD,0.0011,< LOD,0.0029,< LOD,0.003,0.0376,0.0081,< LOD,0.011,0.0194,0.0133,< LOD,0.0002,< LOD,0.0052,< LOD,0.002,,,,,< LOD,0.0011,< LOD,0.0012,0.0029,0.0013,< LOD,0.0012,< LOD,0.0008,< LOD,0.0005
936,4,2,lustru,2.7529,0.5994,11.7045,0.3449,59.444,0.5515,0.038,0.0177,0.0364,0.0132,< LOD,0.017,1.8309,0.0233,6.9007,0.0352,0.2806,0.0071,0.0112,0.0078,0.0097,0.0045,0.0661,0.0048,2.7896,0.024,0.0037,0.0032,0.004,0.0009,0.0028,0.0007,0.0057,0.0007,0.0009,0.0004,0.0008,0.0007,< LOD,0.0003,0.0092,0.0007,0.0138,0.0007,0.0021,0.0004,0.0199,0.0009,0.0007,0.0004,< LOD,0.0013,< LOD,0.0009,,,< LOD,0.0014,< LOD,0.0012,0.0049,0.003,< LOD,0.003,0.0432,0.0087,< LOD,0.0115,< LOD,0.0141,< LOD,0.0002,< LOD,0.005,< LOD,0.002,,,,,< LOD,0.0013,< LOD,0.0012,0.0017,0.0013,< LOD,0.0014,< LOD,0.0009,< LOD,0.0006
937,4,2,lustru,2.8855,0.6053,12.5003,0.357,63.382,0.5743,0.0449,0.0181,0.0407,0.0136,< LOD,0.0173,1.8948,0.0239,7.1742,0.036,0.3321,0.0076,0.0086,0.008,0.0123,0.0048,0.0591,0.0046,2.8809,0.0245,< LOD,0.0032,0.0049,0.0009,0.0037,0.0007,0.0059,0.0007,0.0008,0.0004,0.0007,0.0006,< LOD,0.0003,0.0088,0.0007,0.0141,0.0007,0.0021,0.0004,0.02,0.0008,< LOD,0.0004,< LOD,0.0013,< LOD,0.0009,0.0013,0.0011,,,< LOD,0.0011,< LOD,0.0029,< LOD,0.003,0.0409,0.0079,< LOD,0.0108,< LOD,0.0133,0.0002,0.0002,< LOD,0.0051,< LOD,0.0019,< LOD,0.0017,,,< LOD,0.0013,< LOD,0.0013,0.0016,0.0013,< LOD,0.0013,< LOD,0.0009,< LOD,0.0004
938,4,3,lustru,3.3058,0.641,14.3059,0.3841,63.5788,0.5771,0.0515,0.0196,0.0771,0.0149,< LOD,0.0177,2.1307,0.0254,9.1588,0.0409,0.3605,0.008,0.0119,0.0088,0.0053,0.0051,0.0728,0.005,3.2359,0.0264,< LOD,0.0033,0.0042,0.0009,0.0039,0.0007,0.0057,0.0007,0.001,0.0004,< LOD,0.0006,< LOD,0.0003,0.009,0.0006,0.0149,0.0007,0.0019,0.0004,0.0166,0.0007,0.0008,0.0004,< LOD,0.0013,< LOD,0.0009,,,,,< LOD,0.0011,0.0064,0.0027,0.0048,0.0031,0.0363,0.0065,< LOD,0.0102,< LOD,0.0125,< LOD,0.0002,< LOD,0.005,< LOD,0.0019,,,,,< LOD,0.0012,< LOD,0.0012,0.0016,0.0012,< LOD,0.0012,< LOD,0.0008,< LOD,0.0002
939,4,3,lustru,3.0876,0.6507,14.386,0.3855,63.754,0.5789,0.0471,0.0195,0.0697,0.0148,< LOD,0.0177,2.1412,0.0255,8.6378,0.0397,0.3695,0.008,0.0102,0.0086,0.0127,0.0051,0.0675,0.0049,3.2642,0.0264,< LOD,0.0033,0.0054,0.0009,0.0033,0.0007,0.0067,0.0008,0.0007,0.0004,0.0016,0.0007,< LOD,0.0003,0.009,0.0007,0.015,0.0007,0.0022,0.0004,0.016,0.0007,0.0009,0.0004,< LOD,0.0012,< LOD,0.0009,< LOD,0.0011,,,< LOD,0.0011,< LOD,0.0028,< LOD,0.0031,0.0358,0.0069,< LOD,0.0105,< LOD,0.013,< LOD,0.0002,< LOD,0.0049,< LOD,0.0019,,,,,< LOD,0.0013,< LOD,0.0012,< LOD,0.0013,< LOD,0.0014,< LOD,0.0009,< LOD,0.0003
940,4,3,lustru,3.2588,0.6442,14.1586,0.3821,63.4549,0.5764,0.0495,0.0194,0.0693,0.0146,< LOD,0.0173,2.1131,0.0252,8.8637,0.0402,0.3708,0.008,0.0142,0.0089,0.01,0.0051,0.0706,0.005,3.2102,0.0262,< LOD,0.0033,0.004,0.0009,0.0036,0.0007,0.0073,0.0008,0.0013,0.0004,< LOD,0.0006,< LOD,0.0003,0.0094,0.0007,0.0151,0.0007,0.0024,0.0004,0.0157,0.0007,0.0005,0.0004,< LOD,0.0012,< LOD,0.0009,< LOD,0.0011,,,< LOD,0.0011,0.0037,0.0028,< LOD,0.0031,0.0307,0.0068,< LOD,0.0104,< LOD,0.0128,< LOD,0.0002,< LOD,0.005,< LOD,0.002,,,,,< LOD,0.0014,< LOD,0.0012,0.0018,0.0013,< LOD,0.0013,< LOD,0.0008,< LOD,0.0002
941,4,4,matrice,3.277,0.6237,15.2468,0.3882,64.0219,0.5834,0.0454,0.017,0.0157,0.0128,< LOD,0.0167,2.4443,0.0271,5.5439,0.0318,0.3515,0.0076,0.0134,0.0082,0.006,0.0046,0.0624,0.0045,3.1043,0.0247,< LOD,0.0033,0.0051,0.0009,0.0026,0.0006,0.006,0.0007,0.0007,0.0004,0.0006,0.0006,< LOD,0.0003,0.0092,0.0006,0.0144,0.0007,0.0024,0.0004,0.0182,0.0007,0.0006,0.0004,< LOD,0.0013,< LOD,0.0009,0.0018,0.0011,,,< LOD,0.0011,0.0039,0.0028,< LOD,0.0031,0.0452,0.0077,< LOD,0.0105,< LOD,0.0128,< LOD,0.0002,< LOD,0.0054,< LOD,0.0019,< LOD,0.0016,,,< LOD,0.0014,< LOD,0.0012,0.0014,0.0012,< LOD,0.0013,< LOD,0.0008,< LOD,0.0004
942,4,4,matrice,2.9326,0.6053,15.0392,0.3848,63.4653,0.5797,0.044,0.0169,0.027,0.0129,< LOD,0.0167,2.361,0.0266,5.5059,0.0317,0.3439,0.0075,< LOD,0.008,0.0137,0.0049,0.068,0.0047,3.0803,0.0247,< LOD,0.0033,0.0047,0.0009,0.0038,0.0007,0.0058,0.0007,0.0008,0.0004,0.0012,0.0006,< LOD,0.0003,0.0094,0.0006,0.0144,0.0007,0.0023,0.0004,0.0178,0.0007,0.0009,0.0004,< LOD,0.0013,< LOD,0.0009,0.0014,0.0011,,,< LOD,0.0011,< LOD,0.0027,< LOD,0.0031,0.0385,0.0077,0.0113,0.0104,< LOD,0.0127,< LOD,0.0002,< LOD,0.0053,< LOD,0.0019,< LOD,0.0016,,,< LOD,0.0013,< LOD,0.0012,0.0013,0.0012,< LOD,0.0012,< LOD,0.0008,< LOD,0.0005
943,4,4,matrice,3.4231,0.6149,15.3217,0.3881,63.6156,0.5809,0.036,0.0166,< LOD,0.0127,< LOD,0.0167,2.4288,0.0269,5.4161,0.0314,0.3619,0.0076,0.0112,0.0083,0.012,0.005,0.0641,0.0046,2.998,0.0243,< LOD,0.0032,0.0044,0.0009,0.0037,0.0007,0.0054,0.0007,0.0007,0.0004,0.0008,0.0006,< LOD,0.0003,0.0093,0.0006,0.0143,0.0007,0.0026,0.0004,0.0174,0.0007,0.0008,0.0004,< LOD,0.0013,< LOD,0.0009,,,< LOD,0.0013,< LOD,0.0011,< LOD,0.0027,< LOD,0.0031,0.031,0.0075,< LOD,0.0102,< LOD,0.0123,< LOD,0.0002,< LOD,0.0054,< LOD,0.0019,< LOD,0.0015,,,< LOD,0.0014,< LOD,0.0011,0.0013,0.0012,< LOD,0.0013,0.0009,0.0009,0.0004,0.0004
944,4,4,lustru,3.4842,0.6486,15.8687,0.3969,62.5038,0.5741,0.0555,0.0182,0.035,0.0136,< LOD,0.0172,2.3155,0.0263,6.5058,0.0344,0.3438,0.0076,< LOD,0.0079,0.0055,0.0049,0.0632,0.0046,2.9734,0.0244,< LOD,0.0032,0.0052,0.0009,0.0036,0.0006,0.0062,0.0007,0.0006,0.0004,0.0009,0.0006,< LOD,0.0003,0.0086,0.0006,0.0137,0.0007,0.0018,0.0004,0.0171,0.0007,0.0005,0.0004,< LOD,0.0013,< LOD,0.0009,0.0014,0.0011,< LOD,0.0013,< LOD,0.0011,0.0055,0.0027,< LOD,0.003,0.039,0.0074,< LOD,0.0105,< LOD,0.0127,< LOD,0.0002,< LOD,0.005,< LOD,0.002,< LOD,0.0015,,,< LOD,0.0013,< LOD,0.0012,0.0014,0.0012,< LOD,0.0012,< LOD,0.0008,< LOD,0.0004
945,4,4,lustru,3.4118,0.6594,15.6518,0.3962,62.8345,0.5756,0.0413,0.0184,0.0524,0.0141,< LOD,0.0169,2.3177,0.0264,7.0292,0.0358,0.3511,0.0077,0.0147,0.0084,0.0104,0.0047,0.0607,0.0045,2.9899,0.0247,< LOD,0.0032,0.0048,0.0009,0.0035,0.0007,0.0068,0.0007,< LOD,0.0004,0.0009,0.0006,< LOD,0.0003,0.0093,0.0006,0.014,0.0007,0.0017,0.0004,0.0162,0.0007,0.0006,0.0004,< LOD,0.0013,< LOD,0.0009,0.0012,0.0011,,,< LOD,0.0011,< LOD,0.0028,< LOD,0.003,0.0404,0.0072,< LOD,0.0105,< LOD,0.0129,< LOD,0.0002,< LOD,0.0051,< LOD,0.002,0.002,0.0016,,,< LOD,0.0012,< LOD,0.0012,0.0014,0.0012,< LOD,0.0012,< LOD,0.0008,< LOD,0.0003
946,4,4,lustru,3.4761,0.651,15.5464,0.3937,62.9496,0.5764,0.0538,0.018,0.0392,0.0136,< LOD,0.0168,2.3263,0.0264,6.4667,0.0343,0.3559,0.0077,0.012,0.0083,0.0111,0.0048,0.0657,0.0046,2.9901,0.0245,< LOD,0.0032,0.0052,0.001,0.0036,0.0007,0.0063,0.0007,0.0009,0.0004,0.001,0.0006,< LOD,0.0003,0.0092,0.0007,0.0137,0.0006,0.0023,0.0004,0.0178,0.0007,0.0008,0.0004,< LOD,0.0013,< LOD,0.0009,0.0016,0.0011,< LOD,0.0014,< LOD,0.0011,< LOD,0.0028,< LOD,0.003,0.0336,0.0075,0.0112,0.0107,< LOD,0.013,0.0002,0.0002,< LOD,0.0052,< LOD,0.0019,,,,,< LOD,0.0013,< LOD,0.0012,< LOD,0.0012,< LOD,0.0013,< LOD,0.0008,< LOD,0.0004
947,4,5,lustru,3.5609,0.6648,16.863,0.4114,64.2663,0.5848,0.0481,0.0187,0.0756,0.0147,< LOD,0.0174,2.4176,0.0271,7.602,0.0373,0.3602,0.0078,0.019,0.0088,0.01,0.0051,0.0682,0.0047,3.2512,0.0258,< LOD,0.0033,0.0049,0.0009,0.0032,0.0006,0.0059,0.0007,0.0012,0.0004,0.0008,0.0006,< LOD,0.0003,0.0095,0.0006,0.0141,0.0007,0.0021,0.0004,0.0172,0.0006,0.0009,0.0004,< LOD,0.0012,< LOD,0.0009,0.0016,0.0011,< LOD,0.0013,0.0013,0.0011,< LOD,0.0027,< LOD,0.0031,0.0327,0.0066,< LOD,0.0102,0.0216,0.0125,< LOD,0.0002,< LOD,0.0053,< LOD,0.0019,,,,,< LOD,0.0014,< LOD,0.0011,0.0024,0.0012,< LOD,0.0012,0.0011,0.0008,< LOD,0.0002
948,4,5,lustru,3.7943,0.6555,17.3057,0.4153,64.7988,0.5878,0.0616,0.0188,0.0782,0.0145,< LOD,0.0173,2.4284,0.0271,7.568,0.0372,0.3712,0.0078,0.0097,0.0084,0.0135,0.0053,0.0671,0.0047,3.2441,0.0257,< LOD,0.0033,0.006,0.0009,0.0035,0.0006,0.0059,0.0007,0.0009,0.0004,0.0011,0.0006,0.0003,0.0003,0.0088,0.0006,0.0138,0.0006,0.0025,0.0004,0.015,0.0006,< LOD,0.0004,< LOD,0.0012,< LOD,0.0009,< LOD,0.0011,< LOD,0.0013,< LOD,0.0011,< LOD,0.0027,< LOD,0.0031,0.0269,0.0065,< LOD,0.0101,< LOD,0.0123,< LOD,0.0002,< LOD,0.0052,< LOD,0.0019,< LOD,0.0015,,,< LOD,0.0013,< LOD,0.0012,< LOD,0.0012,0.0016,0.0013,< LOD,0.0008,0.0002,0.0002
949,4,5,lustru,4.1926,0.6708,17.0878,0.4139,65.9895,0.5943,0.0558,0.0188,0.0822,0.0149,< LOD,0.0173,2.4014,0.0271,7.578,0.0373,0.3726,0.0079,0.0132,0.0086,< LOD,0.005,0.0701,0.0048,3.18,0.0255,< LOD,0.0033,0.0049,0.0009,0.0035,0.0007,0.0061,0.0007,0.0008,0.0004,0.0007,0.0006,< LOD,0.0003,0.0094,0.0007,0.014,0.0006,0.0021,0.0004,0.0139,0.0005,< LOD,0.0004,< LOD,0.0012,< LOD,0.0009,,,< LOD,0.0013,< LOD,0.0011,< LOD,0.0027,< LOD,0.0031,0.0326,0.0065,< LOD,0.01,< LOD,0.0124,< LOD,0.0002,< LOD,0.0053,< LOD,0.0019,,,,,< LOD,0.0013,< LOD,0.0012,0.0021,0.0013,< LOD,0.0012,< LOD,0.0008,< LOD,0.0002
950,5,1,rosu\nears,3.4977,0.638,17.5634,0.4106,58.9849,0.5617,0.0358,0.0147,0.8944,0.0252,< LOD,0.0167,2.6719,0.0281,2.4077,0.0214,0.424,0.0077,0.0163,0.0084,0.0105,0.005,0.0547,0.0042,3.849,0.0263,< LOD,0.0036,0.0058,0.001,0.0028,0.0006,0.0065,0.0007,0.0013,0.0004,0.0009,0.0006,< LOD,0.0003,0.0104,0.0006,0.0159,0.0007,0.0027,0.0004,0.0177,0.0007,0.001,0.0004,< LOD,0.0013,< LOD,0.001,< LOD,0.0012,< LOD,0.0013,< LOD,0.001,0.003,0.0026,0.0047,0.0031,0.0455,0.0083,< LOD,0.0104,< LOD,0.0126,0.0002,0.0002,< LOD,0.0053,< LOD,0.0019,,,,,< LOD,0.0013,< LOD,0.0011,0.0013,0.0011,< LOD,0.0012,< LOD,0.0009,< LOD,0.0007
951,5,1,rosu\nears,4.413,0.6496,17.6488,0.4116,59.5142,0.5647,0.0395,0.0145,0.8957,0.0252,< LOD,0.0166,2.7066,0.0283,2.3064,0.021,0.4342,0.0077,0.0167,0.0084,0.0078,0.0049,0.0574,0.0043,3.8648,0.0262,< LOD,0.0036,0.0057,0.001,0.0026,0.0006,0.0066,0.0007,0.0009,0.0004,0.001,0.0006,< LOD,0.0003,0.0104,0.0006,0.0149,0.0007,0.0025,0.0004,0.0176,0.0007,0.0008,0.0004,< LOD,0.0013,< LOD,0.001,,,,,< LOD,0.001,< LOD,0.0026,< LOD,0.0032,0.0411,0.0082,< LOD,0.0103,< LOD,0.0125,0.0002,0.0002,< LOD,0.0057,< LOD,0.0018,< LOD,0.0016,,,< LOD,0.0013,< LOD,0.0011,0.0013,0.0011,< LOD,0.0013,0.001,0.0009,< LOD,0.0006
952,5,1,rosu\nears,3.8966,0.6545,17.1336,0.407,58.0407,0.5561,0.0168,0.0144,1.0314,0.0267,< LOD,0.0165,2.6559,0.028,2.5024,0.0217,0.4187,0.0076,0.0085,0.008,0.0141,0.0051,0.0523,0.0043,3.9331,0.0266,< LOD,0.0036,0.0059,0.0009,0.0031,0.0006,0.0063,0.0007,0.0011,0.0004,< LOD,0.0006,< LOD,0.0003,0.0103,0.0006,0.016,0.0007,0.0029,0.0004,0.0197,0.0008,0.0007,0.0004,< LOD,0.0014,< LOD,0.001,< LOD,0.0012,< LOD,0.0013,< LOD,0.001,< LOD,0.0026,< LOD,0.0031,0.0402,0.0083,< LOD,0.0104,0.0131,0.0125,< LOD,0.0002,< LOD,0.0055,0.0022,0.0019,,,< LOD,0.0008,< LOD,0.0013,< LOD,0.0011,0.0014,0.0011,< LOD,0.0012,< LOD,0.0009,0.0009,0.0007
953,5,1,alb\nears,2.7209,0.6516,9.924,0.3285,40.0855,0.4355,0.0584,0.0237,1.0045,0.027,< LOD,0.0174,1.6241,0.0211,14.0492,0.0501,0.2455,0.0076,0.0101,0.0087,0.0058,0.0046,0.0516,0.0049,2.5606,0.0251,< LOD,0.0031,0.0033,0.0008,0.0027,0.0006,0.0048,0.0007,< LOD,0.0004,0.0008,0.0006,< LOD,0.0003,0.0089,0.0007,0.0159,0.0008,0.0032,0.0006,0.0279,0.0012,0.0007,0.0005,< LOD,0.0013,< LOD,0.0008,0.0014,0.0011,,,< LOD,0.0011,< LOD,0.0029,< LOD,0.0031,0.0393,0.0083,< LOD,0.0134,< LOD,0.0159,< LOD,0.0002,< LOD,0.0056,< LOD,0.0019,,,< LOD,0.0007,< LOD,0.0012,< LOD,0.0012,< LOD,0.0014,< LOD,0.0013,< LOD,0.001,< LOD,0.0009
954,5,1,alb\nears,2.2357,0.6905,10.0737,0.3335,39.953,0.435,0.0749,0.0237,1.0044,0.0268,< LOD,0.0173,1.6237,0.021,13.9799,0.05,0.2392,0.0075,< LOD,0.0085,< LOD,0.0047,0.0487,0.0049,2.511,0.0249,< LOD,0.0031,0.0026,0.0008,0.0023,0.0006,0.0043,0.0006,< LOD,0.0004,< LOD,0.0006,< LOD,0.0003,0.0087,0.0006,0.0161,0.0008,0.0024,0.0005,0.0256,0.0012,0.0006,0.0005,< LOD,0.0013,< LOD,0.0008,,,< LOD,0.0013,< LOD,0.0011,< LOD,0.0029,< LOD,0.0031,0.0501,0.0084,< LOD,0.0133,< LOD,0.0158,< LOD,0.0002,< LOD,0.0058,< LOD,0.0019,< LOD,0.0018,,,< LOD,0.0012,< LOD,0.0011,0.0021,0.0013,< LOD,0.0013,0.0017,0.001,< LOD,0.0008
955,5,1,alb\nears,2.2623,0.7011,10.0576,0.3352,40.8579,0.4402,0.0556,0.0237,1.0178,0.0271,< LOD,0.0173,1.6503,0.0212,14.574,0.0512,0.2605,0.0077,< LOD,0.0087,0.012,0.005,0.0597,0.0052,2.6321,0.0256,0.0042,0.0032,0.0034,0.0008,0.0026,0.0006,0.0052,0.0007,0.0005,0.0004,0.0008,0.0006,< LOD,0.0003,0.0093,0.0007,0.0162,0.0008,0.0031,0.0005,0.0272,0.0012,0.0006,0.0005,< LOD,0.0013,< LOD,0.0008,0.0021,0.0011,,,< LOD,0.0011,0.0045,0.0029,< LOD,0.0031,0.0399,0.008,< LOD,0.0131,< LOD,0.0157,< LOD,0.0002,< LOD,0.0057,< LOD,0.0018,< LOD,0.0017,,,< LOD,0.0013,< LOD,0.0011,0.0014,0.0013,< LOD,0.0013,< LOD,0.001,< LOD,0.0008
956,5,2,matrice,3.7388,0.6509,17.8689,0.4152,59.7925,0.5684,0.0271,0.0139,0.803,0.0242,< LOD,0.0167,2.7494,0.0286,1.4874,0.0173,0.4505,0.0077,0.0129,0.0083,0.0156,0.0051,0.0446,0.004,4.52,0.028,< LOD,0.0039,0.0074,0.0011,0.0034,0.0007,0.0081,0.0008,0.0009,0.0005,0.002,0.0007,< LOD,0.0003,0.0113,0.0007,0.0157,0.0007,0.002,0.0004,0.0161,0.0007,0.0007,0.0004,< LOD,0.0013,< LOD,0.0009,,,,,< LOD,0.0011,< LOD,0.0028,< LOD,0.003,0.0422,0.009,< LOD,0.0112,< LOD,0.0135,< LOD,0.0002,< LOD,0.0057,< LOD,0.002,,,< LOD,0.0008,< LOD,0.0012,< LOD,0.0012,0.0014,0.0012,< LOD,0.0015,< LOD,0.0009,< LOD,0.0007
957,5,2,matrice,3.9605,0.655,19.0121,0.4275,60.9718,0.5762,< LOD,0.0135,0.7598,0.0237,< LOD,0.0168,2.8114,0.029,1.4028,0.0168,0.4538,0.0076,0.0167,0.0084,0.0182,0.0052,0.0434,0.0039,4.6391,0.0282,< LOD,0.0039,0.0081,0.0012,0.0041,0.0007,0.0084,0.0008,0.0012,0.0005,0.0013,0.0007,< LOD,0.0003,0.012,0.0007,0.015,0.0007,0.0027,0.0004,0.0152,0.0006,0.0007,0.0004,< LOD,0.0013,< LOD,0.0009,,,< LOD,0.0014,< LOD,0.0011,0.0042,0.0027,< LOD,0.003,0.0549,0.0087,0.0112,0.0109,< LOD,0.0133,0.0002,0.0002,< LOD,0.0053,< LOD,0.0021,< LOD,0.0016,< LOD,0.0008,< LOD,0.0013,< LOD,0.0013,0.0013,0.0012,< LOD,0.0014,< LOD,0.0008,< LOD,0.0006
958,5,2,matrice,3.7521,0.6511,18.645,0.424,60.5237,0.5737,0.0183,0.0141,0.8567,0.025,< LOD,0.0166,2.8238,0.0291,1.5059,0.0174,0.453,0.0077,0.0116,0.0082,0.0138,0.0051,0.044,0.004,4.5459,0.028,< LOD,0.0038,0.0086,0.0012,0.0044,0.0007,0.0083,0.0008,0.0012,0.0005,0.0017,0.0007,0.0003,0.0003,0.0119,0.0007,0.0149,0.0007,0.0024,0.0004,0.0163,0.0007,0.0008,0.0004,< LOD,0.0013,< LOD,0.0009,,,,,< LOD,0.0011,0.0065,0.0028,< LOD,0.003,0.0477,0.009,< LOD,0.0113,< LOD,0.0137,< LOD,0.0002,< LOD,0.0052,< LOD,0.0021,< LOD,0.0014,,,< LOD,0.0013,< LOD,0.0012,< LOD,0.0012,< LOD,0.0015,< LOD,0.0008,< LOD,0.0006
959,5,2,lustru,4.7365,0.7119,21.6595,0.4581,64.9885,0.6,0.045,0.0157,1.6535,0.0331,< LOD,0.0172,3.0137,0.0304,2.846,0.0234,0.454,0.0078,0.015,0.0087,0.0122,0.0053,0.0465,0.0039,4.2863,0.0275,< LOD,0.0037,0.007,0.001,0.0039,0.0007,0.0082,0.0008,0.0013,0.0005,0.0012,0.0006,0.0005,0.0003,0.0112,0.0007,0.0144,0.0007,0.0026,0.0004,0.0136,0.0005,0.0006,0.0004,< LOD,0.0013,< LOD,0.0009,0.0014,0.0011,,,< LOD,0.0011,0.0043,0.0027,< LOD,0.0029,0.0411,0.0074,< LOD,0.0102,0.015,0.0124,< LOD,0.0002,< LOD,0.0049,< LOD,0.002,< LOD,0.0014,,,< LOD,0.0013,< LOD,0.0012,0.0019,0.0012,0.0017,0.0013,< LOD,0.0008,< LOD,0.0003
960,5,2,lustru,4.8415,0.7359,21.2852,0.4567,64.7262,0.5997,0.0342,0.0157,1.9634,0.0358,< LOD,0.0172,3.0535,0.0306,2.498,0.022,0.4803,0.0079,0.017,0.0088,0.0162,0.0054,0.0439,0.0038,4.5917,0.0283,< LOD,0.0038,0.0079,0.0011,0.0043,0.0007,0.0081,0.0008,0.0013,0.0005,0.0011,0.0006,< LOD,0.0003,0.0116,0.0007,0.0146,0.0007,0.0022,0.0004,0.0129,0.0005,0.0009,0.0004,< LOD,0.0013,< LOD,0.0009,,,,,< LOD,0.0011,< LOD,0.0027,< LOD,0.003,0.0492,0.0075,< LOD,0.0103,0.0128,0.0125,0.0002,0.0002,< LOD,0.0053,< LOD,0.002,,,,,< LOD,0.0014,< LOD,0.0012,0.0016,0.0012,< LOD,0.0014,< LOD,0.0008,< LOD,0.0004
961,5,2,lustru,5.3884,0.7348,21.5142,0.4583,64.7698,0.5995,0.0468,0.0157,1.6824,0.0334,< LOD,0.0174,3.0533,0.0306,2.6097,0.0225,0.4823,0.008,0.0189,0.0087,0.0116,0.0054,0.0439,0.0038,4.5153,0.0281,< LOD,0.0038,0.0077,0.0011,0.0033,0.0007,0.0083,0.0008,0.0015,0.0005,0.0007,0.0006,0.0004,0.0003,0.0117,0.0007,0.0142,0.0007,0.0023,0.0004,0.0128,0.0005,0.0013,0.0004,< LOD,0.0012,< LOD,0.0009,,,,,< LOD,0.0011,< LOD,0.0026,< LOD,0.003,0.0493,0.0074,< LOD,0.0101,0.0219,0.0125,< LOD,0.0002,< LOD,0.0052,< LOD,0.002,< LOD,0.0015,,,< LOD,0.0013,< LOD,0.0011,0.0016,0.0012,< LOD,0.0013,0.0015,0.0008,< LOD,0.0003
962,5,3,fond,2.503,0.7635,12.1688,0.3709,44.729,0.462,0.057,0.0254,2.1429,0.0372,0.0824,0.0191,1.4841,0.0206,17.2608,0.0563,0.2805,0.0082,0.0121,0.0093,0.0094,0.0051,0.0518,0.005,2.9822,0.0278,< LOD,0.0033,0.0038,0.0008,0.0022,0.0007,0.007,0.0008,< LOD,0.0004,< LOD,0.0006,< LOD,0.0003,0.0108,0.0007,0.0159,0.0007,0.003,0.0005,0.0246,0.001,0.0008,0.0005,< LOD,0.0012,< LOD,0.0008,0.0013,0.0011,,,< LOD,0.0011,0.007,0.0029,0.006,0.0029,0.0428,0.0066,< LOD,0.013,< LOD,0.0156,< LOD,0.0002,0.0083,0.0057,< LOD,0.0019,< LOD,0.0016,,,< LOD,0.0012,< LOD,0.0012,0.0038,0.0015,0.0015,0.0013,< LOD,0.0009,0.0008,0.0005
963,5,3,fond,3.2549,0.7655,12.1225,0.3676,43.8428,0.4561,0.0807,0.0254,1.8135,0.0344,0.094,0.0191,1.4362,0.0201,17.0819,0.0558,0.2627,0.0079,< LOD,0.0088,< LOD,0.0051,0.0528,0.005,2.6425,0.0261,< LOD,0.0031,0.0028,0.0008,0.0031,0.0007,0.0053,0.0007,0.0006,0.0004,< LOD,0.0006,< LOD,0.0003,0.0098,0.0007,0.0148,0.0007,0.0026,0.0005,0.0235,0.001,0.001,0.0005,< LOD,0.0012,< LOD,0.0008,,,,,< LOD,0.0012,0.0058,0.003,< LOD,0.0029,0.0364,0.007,< LOD,0.0134,< LOD,0.016,< LOD,0.0002,< LOD,0.0058,< LOD,0.0019,,,,,< LOD,0.0013,< LOD,0.0012,< LOD,0.0015,< LOD,0.0014,< LOD,0.0009,< LOD,0.0005
964,5,3,fond,3.5019,0.7529,11.7068,0.3607,43.1419,0.4513,0.0923,0.0255,2.3267,0.0382,0.075,0.0188,1.3662,0.0196,17.0393,0.0557,0.2676,0.008,< LOD,0.0087,0.0099,0.0047,0.0502,0.0047,2.4703,0.0253,< LOD,0.003,0.003,0.0008,0.0031,0.0007,0.0054,0.0008,< LOD,0.0004,< LOD,0.0006,0.0004,0.0003,0.0102,0.0007,0.0147,0.0007,0.0026,0.0005,0.0256,0.0011,0.0007,0.0005,< LOD,0.0012,< LOD,0.0008,,,,,< LOD,0.0012,0.0047,0.003,< LOD,0.0029,0.0423,0.0072,< LOD,0.0135,0.0287,0.0162,< LOD,0.0002,< LOD,0.0053,< LOD,0.002,,,,,< LOD,0.0012,< LOD,0.0012,0.0018,0.0014,< LOD,0.0013,< LOD,0.0009,< LOD,0.0005
965,5,3,rosu,3.8817,0.7082,18.0837,0.4238,56.8857,0.548,0.0408,0.0182,1.6372,0.0329,< LOD,0.0177,2.6606,0.0279,5.8132,0.0326,0.4185,0.0079,0.0129,0.0085,0.0065,0.0047,0.0411,0.0039,3.5486,0.0263,< LOD,0.0034,0.0069,0.001,0.0033,0.0007,0.006,0.0007,0.0012,0.0005,0.0013,0.0007,< LOD,0.0003,0.0092,0.0007,0.0145,0.0007,0.0026,0.0004,0.0156,0.0007,0.0008,0.0004,< LOD,0.0012,< LOD,0.0009,0.0015,0.0011,,,< LOD,0.0012,0.0039,0.0029,< LOD,0.0029,0.0454,0.0083,< LOD,0.0119,< LOD,0.0145,< LOD,0.0002,< LOD,0.0051,< LOD,0.0021,,,,,< LOD,0.0012,< LOD,0.0012,< LOD,0.0012,< LOD,0.0013,< LOD,0.0008,< LOD,0.0005
966,5,3,rosu,4.6572,0.7607,19.808,0.4464,59.0482,0.5606,0.0459,0.0194,1.321,0.0304,< LOD,0.018,2.8196,0.0289,7.427,0.037,0.42,0.0081,0.0114,0.0086,0.0102,0.005,0.0403,0.0038,3.5463,0.0267,< LOD,0.0034,0.0052,0.0009,0.0035,0.0007,0.0062,0.0007,0.0009,0.0004,0.0012,0.0007,< LOD,0.0003,0.0101,0.0007,0.0147,0.0007,0.0024,0.0004,0.0137,0.0006,0.0008,0.0004,< LOD,0.0012,< LOD,0.0009,0.0013,0.0011,,,< LOD,0.0011,< LOD,0.0028,< LOD,0.0029,0.0376,0.007,< LOD,0.0113,< LOD,0.0136,< LOD,0.0002,< LOD,0.0052,< LOD,0.002,< LOD,0.0014,,,< LOD,0.0013,< LOD,0.0013,0.0016,0.0013,0.0016,0.0014,< LOD,0.0008,< LOD,0.0003
967,5,3,rosu,3.3795,0.7384,17.2649,0.422,54.1974,0.528,0.0388,0.0214,1.8793,0.0353,< LOD,0.0179,2.5488,0.0272,10.5743,0.0439,0.3615,0.0081,0.0109,0.009,0.009,0.0049,0.0416,0.0041,2.9843,0.0257,< LOD,0.0032,0.0046,0.0009,0.0025,0.0007,0.0058,0.0008,0.0006,0.0004,0.0007,0.0007,< LOD,0.0003,0.0101,0.0007,0.0148,0.0007,0.0025,0.0004,0.0171,0.0007,0.001,0.0004,< LOD,0.0012,< LOD,0.0008,0.0018,0.0011,,,< LOD,0.0012,0.0055,0.0029,< LOD,0.0029,0.0399,0.0073,< LOD,0.0123,0.0254,0.0148,< LOD,0.0002,< LOD,0.0053,< LOD,0.0019,< LOD,0.0016,,,< LOD,0.0014,< LOD,0.0013,< LOD,0.0014,< LOD,0.0014,< LOD,0.0009,0.0006,0.0004
968,6,1,matrice,2.3484,0.6531,11.8242,0.351,50.3762,0.5041,0.0382,0.0191,6.466,0.0607,< LOD,0.0169,2.113,0.0245,6.5738,0.0343,0.3656,0.0078,0.0087,0.0081,0.0137,0.005,0.0791,0.0057,3.4172,0.0268,< LOD,0.0035,0.0052,0.001,0.0028,0.0006,0.0071,0.0007,0.0009,0.0004,0.0007,0.0007,< LOD,0.0003,0.0112,0.0007,0.0172,0.0008,0.0031,0.0005,0.0252,0.0011,0.0007,0.0005,< LOD,0.0013,< LOD,0.0009,,,,,< LOD,0.0011,< LOD,0.0029,< LOD,0.003,0.0518,0.0093,< LOD,0.0122,< LOD,0.0146,0.0003,0.0002,< LOD,0.0057,< LOD,0.002,< LOD,0.0017,,,< LOD,0.0013,< LOD,0.0012,0.002,0.0013,< LOD,0.0014,0.0012,0.001,< LOD,0.0009
969,6,1,matrice,2.086,0.6626,11.5087,0.3475,49.6314,0.4997,0.035,0.0194,7.2962,0.0643,< LOD,0.017,2.0239,0.024,6.6546,0.0345,0.3604,0.0078,0.0118,0.0084,0.0128,0.0049,0.0781,0.0056,3.4479,0.027,0.0038,0.0035,0.0049,0.0009,0.0029,0.0007,0.0064,0.0007,0.0007,0.0005,< LOD,0.0006,< LOD,0.0003,0.011,0.0007,0.0176,0.0008,0.003,0.0005,0.0264,0.0011,0.0008,0.0005,< LOD,0.0013,< LOD,0.0009,,,< LOD,0.0013,< LOD,0.0011,< LOD,0.0029,< LOD,0.0031,0.0556,0.0093,< LOD,0.0119,< LOD,0.0144,< LOD,0.0002,< LOD,0.0059,< LOD,0.002,< LOD,0.0018,,,< LOD,0.0013,< LOD,0.0011,0.0013,0.0012,< LOD,0.0013,< LOD,0.0009,< LOD,0.0009
970,6,1,matrice,2.3928,0.6682,11.671,0.3494,49.4311,0.4987,0.0402,0.0193,6.723,0.0617,< LOD,0.0169,2.0866,0.0243,6.5708,0.0343,0.3605,0.0078,0.0166,0.0087,0.0063,0.005,0.0808,0.0057,3.4137,0.0268,0.0042,0.0035,0.0047,0.001,0.0023,0.0006,0.0061,0.0007,0.001,0.0005,0.001,0.0006,< LOD,0.0003,0.011,0.0007,0.0174,0.0008,0.0035,0.0005,0.0268,0.0011,0.0013,0.0005,< LOD,0.0013,< LOD,0.0009,< LOD,0.0011,< LOD,0.0014,< LOD,0.0011,< LOD,0.0028,< LOD,0.003,0.0557,0.0093,< LOD,0.0121,< LOD,0.0145,0.0003,0.0002,< LOD,0.0057,< LOD,0.002,,,,,< LOD,0.0012,< LOD,0.0012,0.0017,0.0013,< LOD,0.0013,< LOD,0.0009,< LOD,0.0009
971,6,1,lustru,3.7243,0.7171,17.2531,0.4162,60.1507,0.5634,0.0408,0.0184,3.3476,0.0453,< LOD,0.0172,2.6247,0.0278,6.47,0.0343,0.4182,0.008,0.0128,0.0088,0.0082,0.0051,0.068,0.0049,3.5295,0.0266,< LOD,0.0035,0.0043,0.0009,0.0032,0.0007,0.007,0.0008,0.0009,0.0004,< LOD,0.0006,0.0005,0.0003,0.011,0.0007,0.0156,0.0007,0.003,0.0004,0.0184,0.0007,0.0007,0.0004,< LOD,0.0012,< LOD,0.0009,,,< LOD,0.0013,0.0012,0.0011,< LOD,0.0027,< LOD,0.0031,0.0386,0.0074,< LOD,0.0107,< LOD,0.013,< LOD,0.0002,< LOD,0.0054,< LOD,0.0019,,,,,< LOD,0.0014,< LOD,0.0011,0.0018,0.0013,< LOD,0.0014,< LOD,0.0009,< LOD,0.0004
972,6,1,lustru,3.7871,0.7332,17.3054,0.4182,59.7221,0.5617,0.0522,0.0192,3.3072,0.0452,< LOD,0.0174,2.6273,0.0279,6.4591,0.0343,0.4162,0.0081,0.0143,0.0089,< LOD,0.0051,0.0639,0.0048,3.5746,0.0268,< LOD,0.0035,0.0048,0.0009,0.0029,0.0006,0.0073,0.0008,0.001,0.0004,0.001,0.0006,< LOD,0.0003,0.0108,0.0007,0.0163,0.0007,0.0026,0.0004,0.0185,0.0007,0.0012,0.0005,< LOD,0.0013,< LOD,0.0009,,,< LOD,0.0013,< LOD,0.0011,< LOD,0.0027,< LOD,0.0031,0.0416,0.0073,< LOD,0.0107,< LOD,0.0129,0.0002,0.0002,< LOD,0.0053,< LOD,0.002,< LOD,0.0016,,,< LOD,0.0012,< LOD,0.0011,< LOD,0.0012,< LOD,0.0013,< LOD,0.0009,< LOD,0.0004
973,6,1,lustru,4.2086,0.7097,17.4169,0.4173,59.6935,0.5613,0.0399,0.0185,3.2464,0.0447,< LOD,0.0172,2.677,0.0281,6.343,0.034,0.4074,0.008,< LOD,0.0084,0.0112,0.0051,0.0644,0.0047,3.5121,0.0265,0.0045,0.0035,0.0054,0.0009,0.0031,0.0006,0.0068,0.0007,0.0011,0.0005,0.001,0.0006,< LOD,0.0003,0.0113,0.0007,0.0164,0.0007,0.0023,0.0004,0.0197,0.0007,0.0012,0.0004,< LOD,0.0012,< LOD,0.0009,0.0012,0.0011,,,< LOD,0.0011,< LOD,0.0028,< LOD,0.003,0.0516,0.0076,< LOD,0.011,< LOD,0.0134,< LOD,0.0002,< LOD,0.0054,< LOD,0.0019,,,,,< LOD,0.0013,< LOD,0.0011,0.0014,0.0012,< LOD,0.0012,< LOD,0.0008,< LOD,0.0004
974,6,2,matrice,2.5004,0.6851,11.7085,0.3508,48.7048,0.4952,0.0394,0.0192,6.6544,0.0613,< LOD,0.0168,2.1478,0.0245,6.492,0.034,0.3497,0.0076,0.0133,0.0082,0.0149,0.005,0.076,0.0055,3.467,0.0269,< LOD,0.0035,0.0046,0.0009,0.003,0.0007,0.0062,0.0007,0.0012,0.0005,< LOD,0.0006,0.0004,0.0003,0.0109,0.0007,0.0174,0.0008,0.0031,0.0005,0.0279,0.0011,0.0005,0.0005,< LOD,0.0012,< LOD,0.0009,,,< LOD,0.0014,< LOD,0.0011,< LOD,0.0029,< LOD,0.003,0.0528,0.0095,< LOD,0.0121,< LOD,0.0146,0.0002,0.0002,< LOD,0.0057,< LOD,0.002,,,,,< LOD,0.0013,< LOD,0.0012,0.0026,0.0013,< LOD,0.0013,< LOD,0.0009,< LOD,0.0009
975,6,2,matrice,2.3309,0.6717,11.9113,0.3532,49.0783,0.4976,0.0435,0.0194,7.1461,0.0635,< LOD,0.0167,2.1627,0.0247,6.6554,0.0345,0.3691,0.0078,0.0154,0.0084,0.0067,0.0049,0.0761,0.0056,3.5045,0.0272,0.0049,0.0036,0.0048,0.0009,0.0034,0.0007,0.0065,0.0007,0.0012,0.0005,0.0014,0.0007,< LOD,0.0003,0.0106,0.0007,0.0178,0.0008,0.003,0.0005,0.0271,0.0011,0.001,0.0005,< LOD,0.0013,< LOD,0.0009,,,< LOD,0.0014,< LOD,0.0011,< LOD,0.0029,< LOD,0.0031,0.05,0.0092,< LOD,0.0121,< LOD,0.0146,< LOD,0.0002,< LOD,0.0056,< LOD,0.002,,,,,< LOD,0.0012,< LOD,0.0012,0.0019,0.0013,< LOD,0.0015,0.0011,0.001,< LOD,0.0009
976,6,2,matrice,2.2507,0.6633,12.2317,0.3562,49.4761,0.4999,0.0522,0.0194,6.561,0.061,< LOD,0.0166,2.1674,0.0247,6.4676,0.0341,0.3646,0.0078,0.0111,0.0084,0.01,0.005,0.0712,0.0054,3.5021,0.027,< LOD,0.0035,0.0049,0.0009,0.003,0.0006,0.0066,0.0007,0.0011,0.0004,< LOD,0.0007,< LOD,0.0003,0.0113,0.0007,0.0173,0.0008,0.003,0.0005,0.0286,0.0011,0.0006,0.0005,< LOD,0.0012,< LOD,0.0009,0.0013,0.0011,< LOD,0.0014,< LOD,0.0011,0.0053,0.0029,0.0036,0.003,0.0431,0.0092,< LOD,0.0121,< LOD,0.0148,< LOD,0.0002,< LOD,0.0055,< LOD,0.0019,,,,,< LOD,0.0014,< LOD,0.0011,0.002,0.0013,< LOD,0.0014,0.001,0.0009,< LOD,0.0009
977,6,2,lustru,3.0076,0.7081,15.1384,0.3921,55.8,0.5367,0.0365,0.0191,4.2465,0.0503,< LOD,0.017,2.2961,0.0259,6.634,0.0346,0.3565,0.0077,0.0162,0.0087,0.005,0.0049,0.0691,0.005,3.1962,0.0256,0.0042,0.0034,0.0049,0.001,0.0033,0.0007,0.0066,0.0007,0.0012,0.0005,0.0012,0.0006,< LOD,0.0003,0.0106,0.0007,0.0154,0.0007,0.0026,0.0005,0.0216,0.0009,0.0008,0.0005,< LOD,0.0012,< LOD,0.0009,< LOD,0.0011,,,< LOD,0.0011,0.0041,0.0027,< LOD,0.003,0.0426,0.008,< LOD,0.0112,< LOD,0.0136,0.0003,0.0002,< LOD,0.0054,< LOD,0.002,,,,,< LOD,0.0012,< LOD,0.0011,0.0014,0.0012,< LOD,0.0012,< LOD,0.0009,< LOD,0.0006
978,6,2,lustru,3.8438,0.7254,15.4129,0.3956,56.1722,0.539,0.0511,0.0193,4.2085,0.0501,< LOD,0.0169,2.3391,0.0261,6.6186,0.0345,0.3658,0.0077,0.0127,0.0085,0.0142,0.0051,0.065,0.0048,3.2124,0.0256,0.006,0.0034,0.0051,0.0009,0.0037,0.0007,0.0064,0.0007,0.0011,0.0004,0.001,0.0006,< LOD,0.0003,0.0109,0.0007,0.0153,0.0007,0.0026,0.0004,0.0212,0.0008,0.0011,0.0004,< LOD,0.0012,< LOD,0.0009,,,< LOD,0.0014,< LOD,0.0011,0.004,0.0028,< LOD,0.003,0.0477,0.008,0.0134,0.0112,0.0277,0.0135,0.0002,0.0002,< LOD,0.0052,< LOD,0.0019,,,,,< LOD,0.0012,< LOD,0.0012,0.0013,0.0013,< LOD,0.0013,< LOD,0.0009,< LOD,0.0006
979,6,2,lustru,2.551,0.6964,15.6744,0.3978,56.2587,0.5399,0.0431,0.0191,4.2964,0.0506,< LOD,0.0169,2.3497,0.0262,6.6694,0.0347,0.3688,0.0078,< LOD,0.0081,0.0097,0.0049,0.0695,0.005,3.2353,0.0258,0.0036,0.0034,0.0038,0.0009,0.0027,0.0007,0.0069,0.0008,0.0006,0.0005,< LOD,0.0006,< LOD,0.0003,0.0096,0.0007,0.0154,0.0007,0.0026,0.0004,0.0206,0.0008,0.0008,0.0005,< LOD,0.0012,< LOD,0.0009,0.002,0.0011,,,< LOD,0.0011,0.0033,0.0027,< LOD,0.003,0.0425,0.0079,0.0178,0.0111,0.015,0.0132,< LOD,0.0002,< LOD,0.0053,< LOD,0.002,,,,,< LOD,0.0013,< LOD,0.0012,0.0022,0.0013,< LOD,0.0013,0.0012,0.0009,< LOD,0.0006
980,6,3,nears,2.2292,0.6186,13.2837,0.3646,55.5987,0.5354,0.0259,0.017,2.3508,0.0382,< LOD,0.0167,2.3658,0.0261,4.8938,0.0297,0.3695,0.0077,< LOD,0.0079,0.0079,0.0048,0.0665,0.005,3.2916,0.0256,< LOD,0.0035,0.0043,0.0009,0.0026,0.0006,0.0054,0.0006,0.0008,0.0004,0.0017,0.0006,< LOD,0.0003,0.0098,0.0006,0.0161,0.0007,0.0035,0.0005,0.0254,0.001,0.0007,0.0005,< LOD,0.0014,< LOD,0.0009,,,,,< LOD,0.001,0.0058,0.0027,< LOD,0.0032,0.0442,0.0085,< LOD,0.0108,< LOD,0.0131,0.0002,0.0002,< LOD,0.0054,< LOD,0.0018,< LOD,0.0017,,,< LOD,0.0013,< LOD,0.0012,< LOD,0.0011,< LOD,0.0012,< LOD,0.0009,< LOD,0.0008
981,6,3,nears,2.5787,0.6143,13.1034,0.3611,54.328,0.528,0.0481,0.0171,2.3099,0.0376,< LOD,0.0165,2.3734,0.026,4.7977,0.0294,0.3685,0.0076,< LOD,0.008,0.0142,0.005,0.067,0.005,3.2904,0.0255,< LOD,0.0034,0.0045,0.0008,0.0026,0.0005,0.0057,0.0006,0.0008,0.0004,< LOD,0.0006,< LOD,0.0003,0.0099,0.0006,0.0154,0.0007,0.003,0.0005,0.0249,0.001,0.0006,0.0005,< LOD,0.0014,< LOD,0.0009,,,,,< LOD,0.001,0.0044,0.0027,< LOD,0.0032,0.0466,0.0086,< LOD,0.0109,0.0171,0.0132,< LOD,0.0002,< LOD,0.0056,< LOD,0.0018,< LOD,0.0016,,,< LOD,0.0014,< LOD,0.001,0.0022,0.0011,< LOD,0.0012,0.0017,0.0009,< LOD,0.0008
982,6,3,nears,2.7266,0.6338,13.6661,0.3699,56.5781,0.5416,0.0373,0.0172,2.453,0.0389,< LOD,0.0169,2.4588,0.0266,4.8967,0.0298,0.3801,0.0077,0.0099,0.0082,0.0103,0.0049,0.0693,0.005,3.3283,0.0257,< LOD,0.0034,0.0045,0.0008,0.0031,0.0006,0.0054,0.0006,0.0008,0.0004,0.0007,0.0006,< LOD,0.0003,0.0101,0.0006,0.0158,0.0007,0.0028,0.0005,0.0239,0.0009,0.0014,0.0005,< LOD,0.0013,< LOD,0.0009,0.0015,0.0012,< LOD,0.0013,< LOD,0.001,< LOD,0.0026,< LOD,0.0032,0.0424,0.0082,< LOD,0.0105,< LOD,0.0128,0.0003,0.0002,< LOD,0.0056,< LOD,0.0018,< LOD,0.0017,,,< LOD,0.0013,< LOD,0.0011,0.0012,0.0011,< LOD,0.0012,0.001,0.0009,< LOD,0.0007
983,7,1,nears\lustru,3.3472,0.7267,18.8597,0.4361,57.4077,0.5533,0.0475,0.0185,2.2443,0.0377,< LOD,0.0176,3.04,0.0299,6.0446,0.0335,0.457,0.0083,0.0117,0.0087,0.0112,0.0051,0.092,0.0053,4.6337,0.0302,0.0073,0.004,0.007,0.001,0.0043,0.0007,0.009,0.0008,0.0011,0.0005,0.0009,0.0007,< LOD,0.0003,0.0129,0.0007,0.021,0.0008,0.0026,0.0004,0.0122,0.0006,0.0008,0.0005,< LOD,0.0013,< LOD,0.0009,,,< LOD,0.0013,< LOD,0.001,< LOD,0.0026,< LOD,0.0031,0.0503,0.0072,0.015,0.0109,< LOD,0.0132,< LOD,0.0002,< LOD,0.0055,< LOD,0.0019,< LOD,0.0017,< LOD,0.0008,< LOD,0.0014,< LOD,0.0011,0.002,0.0012,< LOD,0.0013,0.0011,0.0009,< LOD,0.0005
984,7,1,nears\lustru,3.7295,0.6935,19.5233,0.4399,58.5649,0.5592,0.0433,0.0177,1.7271,0.0335,< LOD,0.0173,3.0356,0.0299,5.933,0.0331,0.4683,0.0083,< LOD,0.0088,0.0105,0.0054,0.0815,0.0052,4.5164,0.0297,0.0073,0.004,0.0067,0.001,0.0044,0.0007,0.0094,0.0008,0.0015,0.0005,0.001,0.0006,< LOD,0.0003,0.0126,0.0007,0.0208,0.0008,0.0028,0.0004,0.012,0.0006,0.0009,0.0004,< LOD,0.0013,< LOD,0.0009,,,< LOD,0.0013,< LOD,0.001,0.0038,0.0026,< LOD,0.0031,0.047,0.007,< LOD,0.0107,< LOD,0.013,< LOD,0.0002,< LOD,0.0056,< LOD,0.002,< LOD,0.0017,,,< LOD,0.0014,< LOD,0.0012,0.0013,0.0012,< LOD,0.0012,0.0011,0.0009,0.0005,0.0004
985,7,1,nears\lustru,3.7536,0.7502,19.3863,0.4426,57.7035,0.5555,0.0408,0.0188,2.2574,0.0379,< LOD,0.0175,3.024,0.0299,6.0389,0.0335,0.4571,0.0083,0.0125,0.0091,0.0103,0.0057,0.0917,0.0054,4.5943,0.03,0.0045,0.004,0.0063,0.001,0.0051,0.0007,0.0083,0.0008,0.0016,0.0005,0.0015,0.0007,0.0004,0.0003,0.013,0.0007,0.0207,0.0008,0.003,0.0004,0.0123,0.0006,< LOD,0.0004,< LOD,0.0013,< LOD,0.0009,< LOD,0.0011,,,< LOD,0.001,< LOD,0.0026,< LOD,0.0031,0.0525,0.0071,0.0134,0.0108,0.0137,0.013,< LOD,0.0002,< LOD,0.0053,< LOD,0.0019,< LOD,0.0016,,,< LOD,0.0014,< LOD,0.0012,0.0018,0.0013,< LOD,0.0013,0.001,0.0009,< LOD,0.0005
986,7,2,lustru,3.9671,0.717,18.2851,0.4261,54.4934,0.5334,0.0233,0.0178,1.9956,0.0355,< LOD,0.017,2.5905,0.0274,6.0469,0.0332,0.4013,0.0079,0.0109,0.0086,0.0108,0.0053,0.0817,0.0052,4.1983,0.0286,0.007,0.0038,0.0075,0.0012,0.0056,0.0008,0.0093,0.0009,0.0013,0.0005,0.0017,0.0008,< LOD,0.0003,0.0149,0.0009,0.0198,0.0008,0.0033,0.0005,0.014,0.0007,< LOD,0.0004,< LOD,0.0012,< LOD,0.0008,0.0018,0.001,< LOD,0.0014,< LOD,0.0012,0.0049,0.003,< LOD,0.0028,0.0557,0.0087,< LOD,0.0125,0.0157,0.015,< LOD,0.0002,< LOD,0.0053,< LOD,0.0022,< LOD,0.0016,,,< LOD,0.0013,< LOD,0.0013,0.0021,0.0014,< LOD,0.0015,< LOD,0.0008,< LOD,0.0006
987,7,2,lustru,3.7521,0.6948,18.0914,0.4219,55.815,0.5428,0.0168,0.0165,1.4803,0.0312,< LOD,0.017,2.6611,0.0279,4.2842,0.0281,0.419,0.0078,0.0174,0.0089,0.0073,0.0052,0.072,0.0049,4.4559,0.0288,< LOD,0.0039,0.0081,0.0012,0.005,0.0008,0.0102,0.0009,0.0014,0.0005,0.0015,0.0008,< LOD,0.0003,0.0152,0.0009,0.0197,0.0008,0.0027,0.0004,0.015,0.0007,0.0006,0.0004,< LOD,0.0012,< LOD,0.0009,,,< LOD,0.0015,< LOD,0.0012,< LOD,0.003,< LOD,0.0029,0.0642,0.0092,< LOD,0.0124,< LOD,0.015,< LOD,0.0002,< LOD,0.0052,< LOD,0.0022,,,,,< LOD,0.0012,< LOD,0.0013,0.003,0.0014,< LOD,0.0015,< LOD,0.0008,< LOD,0.0006
988,7,2,lustru,3.5734,0.7018,18.0755,0.4235,54.5952,0.5345,0.0326,0.0181,1.9575,0.0353,< LOD,0.017,2.6026,0.0275,5.6577,0.0322,0.4014,0.0078,0.0137,0.0088,0.0107,0.0051,0.0834,0.0052,4.2637,0.0287,< LOD,0.0038,0.0075,0.0012,0.0053,0.0008,0.0097,0.0009,0.0016,0.0005,0.0019,0.0008,< LOD,0.0003,0.014,0.0008,0.0203,0.0008,0.0029,0.0004,0.0151,0.0007,0.0009,0.0004,< LOD,0.0012,< LOD,0.0009,,,,,< LOD,0.0012,< LOD,0.0029,< LOD,0.0028,0.0597,0.0088,0.0164,0.0125,0.0294,0.0148,< LOD,0.0002,< LOD,0.0052,< LOD,0.0022,,,,,< LOD,0.0012,< LOD,0.0013,0.0023,0.0014,< LOD,0.0015,< LOD,0.0009,< LOD,0.0006
989,7,2,pict\rosu,3.4629,0.6625,18.9202,0.4293,60.4075,0.5734,0.0336,0.0151,0.82,0.0246,< LOD,0.017,2.9352,0.0297,2.3589,0.0214,0.4482,0.0078,0.0173,0.0087,0.0085,0.0052,0.0594,0.0044,4.8651,0.0293,< LOD,0.0041,0.0088,0.0012,0.0052,0.0008,0.0099,0.0009,0.0015,0.0005,0.0009,0.0007,< LOD,0.0003,0.0145,0.0008,0.0204,0.0008,0.0028,0.0004,0.0131,0.0006,0.0008,0.0004,< LOD,0.0013,< LOD,0.0009,0.0012,0.0011,,,< LOD,0.0011,< LOD,0.0029,< LOD,0.003,0.0601,0.009,< LOD,0.0117,0.0152,0.0142,< LOD,0.0002,< LOD,0.0054,< LOD,0.0022,< LOD,0.0015,< LOD,0.0008,< LOD,0.0013,< LOD,0.0012,0.0031,0.0014,< LOD,0.0015,< LOD,0.0008,< LOD,0.0006
990,7,2,pict\rosu,3.6742,0.6599,18.584,0.4251,59.9147,0.5699,0.0369,0.0151,0.8382,0.0248,< LOD,0.0169,2.8824,0.0293,2.3201,0.0212,0.4368,0.0077,0.0104,0.0083,0.0153,0.0052,0.0622,0.0044,4.7796,0.029,< LOD,0.004,0.0084,0.0012,0.0048,0.0008,0.0094,0.0009,0.0009,0.0005,0.0009,0.0007,< LOD,0.0003,0.0149,0.0008,0.02,0.0008,0.0025,0.0004,0.0136,0.0006,0.0009,0.0004,< LOD,0.0013,< LOD,0.0009,0.0011,0.0011,,,< LOD,0.0011,0.0093,0.0029,< LOD,0.0029,0.0693,0.0091,< LOD,0.0117,< LOD,0.0142,< LOD,0.0002,< LOD,0.0054,0.0035,0.0022,,,< LOD,0.0008,< LOD,0.0013,< LOD,0.0012,0.0024,0.0013,< LOD,0.0014,< LOD,0.0008,< LOD,0.0006
991,7,2,pict\rosu,3.7955,0.6661,18.9965,0.4278,59.6442,0.5686,0.0258,0.014,0.5172,0.0206,< LOD,0.0167,2.9169,0.0295,1.8716,0.0192,0.448,0.0077,0.0184,0.0085,0.0053,0.005,0.0583,0.0043,4.5782,0.0282,< LOD,0.0039,0.009,0.0012,0.005,0.0008,0.0088,0.0008,0.0017,0.0005,0.0015,0.0008,< LOD,0.0003,0.0146,0.0008,0.0198,0.0008,0.0026,0.0004,0.0126,0.0006,0.0008,0.0004,< LOD,0.0013,< LOD,0.0009,< LOD,0.0011,< LOD,0.0015,< LOD,0.0012,< LOD,0.0029,< LOD,0.0029,0.059,0.0094,< LOD,0.0119,< LOD,0.0146,< LOD,0.0002,< LOD,0.0056,< LOD,0.0021,< LOD,0.0016,,,< LOD,0.0014,< LOD,0.0014,0.0014,0.0013,< LOD,0.0016,< LOD,0.0008,< LOD,0.0006
992,7,2,matrice,3.1875,0.6661,17.1205,0.4124,54.4964,0.5346,0.0318,0.0173,0.6397,0.0224,< LOD,0.0171,2.7621,0.0282,5.627,0.0322,0.4152,0.008,0.0112,0.0089,0.0142,0.0052,0.0877,0.0053,4.2665,0.0288,< LOD,0.0038,0.0078,0.0012,0.005,0.0008,0.0098,0.0009,0.0015,0.0005,0.0008,0.0007,< LOD,0.0003,0.0138,0.0008,0.0192,0.0008,0.0027,0.0005,0.0153,0.0007,0.0008,0.0004,< LOD,0.0013,< LOD,0.0009,,,< LOD,0.0014,< LOD,0.0012,0.0036,0.0029,< LOD,0.0029,0.0579,0.0087,< LOD,0.0124,0.0235,0.015,0.0003,0.0002,< LOD,0.0057,< LOD,0.0022,,,,,< LOD,0.0013,< LOD,0.0013,0.0035,0.0014,< LOD,0.0014,< LOD,0.0008,< LOD,0.0006
993,7,2,matrice,3.016,0.649,15.5093,0.3915,50.6596,0.5107,0.0502,0.0173,0.7981,0.024,< LOD,0.0169,2.5486,0.0269,5.3161,0.0311,0.3825,0.0077,0.0086,0.0084,0.0123,0.0048,0.0841,0.0053,4.0565,0.0281,< LOD,0.0038,0.0062,0.0012,0.0053,0.0009,0.0091,0.0009,0.0013,0.0005,0.0016,0.0008,< LOD,0.0003,0.0146,0.0009,0.0203,0.0008,0.0029,0.0005,0.0153,0.0008,< LOD,0.0004,< LOD,0.0013,< LOD,0.0009,,,,,< LOD,0.0012,< LOD,0.0032,< LOD,0.0028,0.0615,0.0102,< LOD,0.0137,< LOD,0.0164,< LOD,0.0002,< LOD,0.0056,< LOD,0.0021,,,,,< LOD,0.0013,< LOD,0.0014,0.002,0.0015,< LOD,0.0018,0.0011,0.0009,0.0012,0.0009
994,7,2,matrice,3.1941,0.6548,15.8211,0.3953,51.6249,0.5167,0.0285,0.0167,0.7745,0.0238,< LOD,0.0167,2.586,0.0271,5.1864,0.0307,0.3848,0.0078,0.0133,0.0086,0.0061,0.0052,0.0874,0.0054,4.0051,0.0279,0.0046,0.0038,0.0065,0.0012,0.0048,0.0008,0.0089,0.0009,0.0011,0.0005,0.0015,0.0008,< LOD,0.0003,0.0137,0.0008,0.0197,0.0008,0.0031,0.0005,0.0158,0.0008,0.0006,0.0004,< LOD,0.0013,< LOD,0.0008,0.001,0.001,< LOD,0.0015,< LOD,0.0012,0.004,0.003,0.003,0.0028,0.0768,0.0099,< LOD,0.0131,0.0213,0.0159,< LOD,0.0002,< LOD,0.0051,< LOD,0.0022,,,,,< LOD,0.0012,< LOD,0.0014,0.0022,0.0014,< LOD,0.0016,0.0011,0.0009,0.0009,0.0008
995,7,3,pict\negru,2.3447,0.82,9.7938,0.3318,33.5382,0.4029,0.0559,0.0216,0.4176,0.02,0.1434,0.0207,1.5608,0.0217,7.1957,0.0357,0.273,0.0076,< LOD,0.0097,0.0079,0.0064,15.0955,0.0697,3.1748,0.0316,0.086,0.0033,0.0133,0.0015,0.0097,0.0012,0.0141,0.0012,0.0011,0.0005,0.0017,0.0009,< LOD,0.0003,0.0116,0.0008,0.0301,0.0013,0.0041,0.0007,0.0235,0.0013,0.0009,0.0005,< LOD,0.0013,< LOD,0.0008,,,< LOD,0.0013,< LOD,0.0013,0.0063,0.0028,< LOD,0.0028,0.0742,0.0099,< LOD,0.0127,0.0311,0.0152,< LOD,0.0003,< LOD,0.006,< LOD,0.0024,,,< LOD,0.0006,< LOD,0.0014,< LOD,0.0015,0.0025,0.0019,< LOD,0.0017,< LOD,0.001,< LOD,0.0014
996,7,3,pict\negru,2.8706,0.845,11.3081,0.3565,37.8566,0.4324,0.0448,0.0217,0.8652,0.0256,0.1056,0.0202,1.7433,0.0229,7.7071,0.0372,0.2985,0.0078,< LOD,0.0099,0.012,0.0065,11.8992,0.0609,3.6795,0.0321,0.0692,0.0035,0.0125,0.0015,0.0096,0.0011,0.0144,0.0012,0.0011,0.0005,0.0016,0.0009,< LOD,0.0003,0.0136,0.0009,0.0299,0.0013,0.0042,0.0007,0.0223,0.0012,0.0011,0.0005,< LOD,0.0013,< LOD,0.0008,0.0012,0.001,,,0.0014,0.0013,< LOD,0.0027,< LOD,0.0029,0.0688,0.0092,< LOD,0.0125,0.0227,0.0151,< LOD,0.0003,< LOD,0.0061,< LOD,0.0023,< LOD,0.0019,,,< LOD,0.0013,< LOD,0.0014,< LOD,0.0016,< LOD,0.0017,< LOD,0.001,< LOD,0.0012
997,7,3,pict\negru,2.5364,0.8481,10.0969,0.3379,33.7894,0.405,0.0679,0.0219,0.4379,0.0203,0.1241,0.0205,1.5937,0.0219,7.341,0.0361,0.279,0.0077,< LOD,0.0102,< LOD,0.0066,15.3852,0.0703,3.2567,0.032,0.0881,0.0033,0.0127,0.0015,0.011,0.0012,0.0141,0.0013,0.0006,0.0005,0.0014,0.0008,< LOD,0.0003,0.0127,0.0009,0.0313,0.0014,0.0042,0.0007,0.0224,0.0013,0.0008,0.0005,< LOD,0.0013,< LOD,0.0008,0.0013,0.001,,,< LOD,0.0013,< LOD,0.0028,< LOD,0.0029,0.0741,0.0098,< LOD,0.0128,< LOD,0.0152,< LOD,0.0003,< LOD,0.0064,< LOD,0.0023,< LOD,0.0018,,,< LOD,0.0013,< LOD,0.0014,0.0019,0.0018,< LOD,0.0017,< LOD,0.001,< LOD,0.0014
998,7,3,pict\alb,1.8643,0.8031,7.4825,0.3123,24.6814,0.331,0.1079,0.0302,0.1726,0.0172,0.2525,0.0211,1.1079,0.017,24.3239,0.0672,0.2236,0.0082,0.0208,0.0105,0.0081,0.0056,0.0738,0.0062,3.7307,0.0332,0.0062,0.0038,0.0044,0.0009,0.0045,0.0008,0.0078,0.0009,0.0012,0.0005,0.0011,0.0007,< LOD,0.0003,0.0146,0.0009,0.0254,0.001,0.004,0.0007,0.0278,0.0014,0.0007,0.0005,< LOD,0.0013,< LOD,0.0007,,,,,< LOD,0.0012,0.0038,0.0033,< LOD,0.003,0.0497,0.0074,< LOD,0.0163,< LOD,0.0192,< LOD,0.0002,< LOD,0.0061,< LOD,0.0022,< LOD,0.0019,,,< LOD,0.0012,< LOD,0.0014,< LOD,0.0018,< LOD,0.0015,< LOD,0.0011,0.0008,0.0008
999,7,3,pict\alb,2.6641,0.7982,8.4676,0.3262,27.367,0.3503,0.0795,0.0295,0.2342,0.0184,0.2104,0.0208,1.2007,0.0179,23.4182,0.0659,0.2384,0.0085,< LOD,0.0105,0.0067,0.0056,0.0728,0.0062,3.6912,0.0327,0.008,0.0038,0.0048,0.0009,0.0038,0.0008,0.0081,0.0009,0.0011,0.0005,0.0013,0.0007,< LOD,0.0003,0.0142,0.0009,0.0236,0.001,0.0041,0.0007,0.0261,0.0013,0.0008,0.0005,< LOD,0.0013,< LOD,0.0007,0.0012,0.001,< LOD,0.0013,< LOD,0.0012,0.0109,0.0033,< LOD,0.0029,0.0484,0.0073,0.0235,0.0163,0.0231,0.019,< LOD,0.0003,< LOD,0.0062,< LOD,0.0021,,,,,< LOD,0.0012,< LOD,0.0014,0.0021,0.0017,< LOD,0.0015,< LOD,0.001,< LOD,0.0007
1000,7,3,pict\alb,2.7444,0.8157,8.2604,0.3236,26.5656,0.3429,0.0792,0.0298,0.2493,0.0183,0.225,0.0208,1.1237,0.0172,24.8445,0.068,0.2278,0.0084,< LOD,0.0099,0.007,0.0057,0.0705,0.0062,3.5604,0.0325,0.005,0.0037,0.0044,0.0008,0.0041,0.0008,0.0071,0.0009,0.0008,0.0005,0.0008,0.0007,< LOD,0.0003,0.0133,0.0009,0.0252,0.001,0.0035,0.0007,0.0241,0.0013,0.0015,0.0005,< LOD,0.0012,< LOD,0.0007,,,< LOD,0.0013,< LOD,0.0012,0.0074,0.0032,< LOD,0.003,0.0446,0.0069,< LOD,0.0163,< LOD,0.019,< LOD,0.0002,< LOD,0.0061,< LOD,0.0021,< LOD,0.0018,,,< LOD,0.0013,< LOD,0.0013,0.0025,0.0017,< LOD,0.0016,0.0018,0.0011,< LOD,0.0007
1001,7,3,lustru,2.9642,0.6957,14.8813,0.3873,48.2271,0.4948,0.0488,0.0182,1.3218,0.0294,< LOD,0.0174,2.2403,0.0253,6.1693,0.0334,0.3545,0.0077,0.0103,0.0088,0.013,0.0052,2.2878,0.0253,3.8061,0.0284,0.0167,0.0036,0.0084,0.0013,0.0062,0.0009,0.0097,0.001,0.0012,0.0005,0.0023,0.0009,< LOD,0.0003,0.0139,0.0009,0.02,0.0009,0.0031,0.0005,0.0164,0.0009,0.0007,0.0004,< LOD,0.0012,< LOD,0.0008,0.0016,0.001,,,< LOD,0.0013,0.0054,0.0032,< LOD,0.0028,0.0643,0.0102,< LOD,0.0138,< LOD,0.0166,< LOD,0.0002,< LOD,0.0054,< LOD,0.0023,,,,,< LOD,0.0013,< LOD,0.0015,0.0019,0.0016,< LOD,0.0017,< LOD,0.0009,< LOD,0.0009
1002,7,3,lustru,2.6276,0.7573,12.682,0.3653,41.7332,0.4557,0.0509,0.0196,1.0875,0.0273,0.0268,0.0187,1.9321,0.0237,6.5268,0.0342,0.3159,0.0077,< LOD,0.0092,0.0099,0.0058,7.2898,0.0465,3.5061,0.0295,0.047,0.0035,0.0095,0.0014,0.007,0.001,0.0105,0.0011,0.001,0.0005,0.0016,0.0008,< LOD,0.0003,0.0129,0.0009,0.0244,0.0011,0.0034,0.0006,0.0188,0.0011,0.0005,0.0005,< LOD,0.0013,< LOD,0.0008,,,< LOD,0.0014,0.0013,0.0013,0.0056,0.0029,0.003,0.0028,0.0752,0.0101,0.0196,0.0134,0.027,0.0159,< LOD,0.0003,< LOD,0.0059,< LOD,0.0023,,,< LOD,0.0007,< LOD,0.0013,< LOD,0.0014,0.0024,0.0016,< LOD,0.0017,0.0012,0.001,< LOD,0.001
1003,7,3,lustru,2.8299,0.7318,13.6639,0.3763,44.3444,0.4719,0.0637,0.0197,1.189,0.0284,< LOD,0.0183,2.0247,0.0242,6.4359,0.034,0.3388,0.0077,< LOD,0.009,0.0079,0.0057,5.5831,0.0402,3.6361,0.0292,0.0323,0.0035,0.0097,0.0014,0.0078,0.001,0.011,0.001,0.0012,0.0005,0.0013,0.0009,0.0004,0.0003,0.0142,0.0009,0.0226,0.001,0.0027,0.0005,0.0174,0.001,0.0009,0.0004,< LOD,0.0013,< LOD,0.0008,,,,,< LOD,0.0013,< LOD,0.0031,< LOD,0.0028,0.0722,0.0103,0.0143,0.0138,< LOD,0.0164,< LOD,0.0003,< LOD,0.0053,< LOD,0.0023,,,,,< LOD,0.0013,< LOD,0.0015,0.0024,0.0016,< LOD,0.0018,0.0016,0.0009,< LOD,0.001
1004,8,1,matrice,3.4626,0.7427,14.2758,0.3914,51.7416,0.5137,0.2055,0.0244,1.2259,0.0294,< LOD,0.018,2.3053,0.0258,10.0149,0.0429,0.3634,0.0082,0.014,0.0093,0.009,0.0055,0.0817,0.0056,4.3803,0.0309,0.0059,0.0039,0.0064,0.0011,0.0045,0.0008,0.0104,0.0009,0.0014,0.0005,0.0014,0.0007,0.0003,0.0003,0.0139,0.0008,0.0234,0.0009,0.0036,0.0005,0.0176,0.0008,0.0011,0.0005,< LOD,0.0013,< LOD,0.0008,0.0016,0.0011,,,< LOD,0.0011,0.0062,0.003,< LOD,0.003,0.0568,0.008,< LOD,0.0128,0.0178,0.0153,0.0003,0.0002,< LOD,0.0056,< LOD,0.002,,,,,< LOD,0.0013,< LOD,0.0014,0.0024,0.0015,< LOD,0.0015,0.0013,0.001,< LOD,0.0005
1005,8,1,matrice,2.6566,0.7151,14.6568,0.395,51.7748,0.5139,0.2008,0.0244,1.0723,0.0279,< LOD,0.0179,2.3025,0.0257,10.1746,0.0433,0.3764,0.0082,0.0092,0.009,< LOD,0.0051,0.0816,0.0055,4.3505,0.0309,0.0046,0.0039,0.0061,0.001,0.0051,0.0008,0.0103,0.0009,0.0013,0.0005,0.0023,0.0007,< LOD,0.0003,0.0149,0.0008,0.0228,0.0009,0.0032,0.0005,0.0179,0.0008,0.001,0.0005,< LOD,0.0012,< LOD,0.0009,< LOD,0.0011,< LOD,0.0014,< LOD,0.0011,< LOD,0.0029,< LOD,0.003,0.0507,0.0077,< LOD,0.0123,< LOD,0.0148,< LOD,0.0002,< LOD,0.0054,< LOD,0.0021,< LOD,0.0016,,,0.0012,0.0011,< LOD,0.0013,0.0023,0.0015,< LOD,0.0014,< LOD,0.0009,< LOD,0.0005
1006,8,1,matrice,3.1358,0.7416,14.5271,0.3941,50.804,0.5094,0.1952,0.0241,1.6286,0.0328,< LOD,0.0179,2.4047,0.0262,9.7073,0.0422,0.3781,0.0082,0.0143,0.0094,0.0158,0.0055,0.0888,0.0057,4.4752,0.0312,0.0076,0.004,0.0069,0.0011,0.0047,0.0008,0.0103,0.001,0.0014,0.0005,0.0021,0.0008,< LOD,0.0003,0.0144,0.0008,0.0222,0.0009,0.0034,0.0005,0.018,0.0008,0.0007,0.0005,< LOD,0.0013,< LOD,0.0009,,,< LOD,0.0014,< LOD,0.0011,0.0037,0.003,< LOD,0.003,0.0582,0.0081,< LOD,0.0126,0.021,0.0151,< LOD,0.0002,< LOD,0.0054,< LOD,0.0022,< LOD,0.0016,,,< LOD,0.0012,< LOD,0.0013,0.0015,0.0015,0.0017,0.0015,< LOD,0.0009,< LOD,0.0006
1007,8,2,lustru,3.3921,0.7385,15.6752,0.4091,56.379,0.5403,0.1861,0.0244,0.9648,0.0273,0.0249,0.0185,2.2808,0.026,10.3898,0.0438,0.3845,0.0083,0.0199,0.0094,0.0074,0.0053,0.0794,0.0053,4.2367,0.0305,0.0089,0.0039,0.0056,0.001,0.0046,0.0008,0.0095,0.0009,0.0012,0.0005,0.0015,0.0008,< LOD,0.0003,0.0147,0.0009,0.0219,0.0008,0.0033,0.0005,0.0149,0.0007,0.0007,0.0004,< LOD,0.0012,< LOD,0.0009,,,< LOD,0.0014,< LOD,0.0011,0.005,0.003,< LOD,0.003,0.0538,0.0073,< LOD,0.0122,< LOD,0.0146,< LOD,0.0002,< LOD,0.0054,< LOD,0.0021,,,,,< LOD,0.0014,< LOD,0.0014,0.0026,0.0016,< LOD,0.0015,< LOD,0.0009,< LOD,0.0003
1008,8,2,lustru,2.9271,0.7313,15.2775,0.4039,55.0235,0.5321,0.1849,0.0244,0.8113,0.0255,0.032,0.0185,2.2633,0.0258,10.5581,0.0441,0.3783,0.0083,0.0104,0.0095,0.0134,0.0055,0.0738,0.0053,4.2159,0.0305,< LOD,0.0038,0.0061,0.001,0.0051,0.0008,0.0097,0.0009,0.0014,0.0005,0.0017,0.0008,< LOD,0.0003,0.0142,0.0008,0.0216,0.0009,0.0025,0.0005,0.0153,0.0007,0.0015,0.0005,< LOD,0.0012,< LOD,0.0008,,,< LOD,0.0014,< LOD,0.0012,0.0042,0.003,< LOD,0.003,0.0491,0.0075,< LOD,0.0124,0.0155,0.015,< LOD,0.0002,< LOD,0.0051,< LOD,0.002,< LOD,0.0016,,,< LOD,0.0013,< LOD,0.0014,0.0019,0.0016,< LOD,0.0015,< LOD,0.0009,< LOD,0.0004
1009,8,2,lustru,2.925,0.7246,15.5326,0.4064,55.8082,0.5363,0.1892,0.0244,0.7261,0.0246,0.0434,0.0187,2.2593,0.0258,10.7066,0.0445,0.3698,0.0083,0.0108,0.0093,0.0097,0.0056,0.0732,0.0052,4.1575,0.0303,< LOD,0.0038,0.006,0.001,0.0049,0.0008,0.0097,0.001,0.0013,0.0005,0.0026,0.0007,< LOD,0.0003,0.0141,0.0008,0.0211,0.0008,0.0028,0.0005,0.0151,0.0007,0.0007,0.0004,< LOD,0.0012,< LOD,0.0008,< LOD,0.0011,< LOD,0.0014,< LOD,0.0011,0.0041,0.0029,< LOD,0.003,0.0582,0.0071,0.0131,0.012,< LOD,0.0145,< LOD,0.0002,< LOD,0.0053,< LOD,0.0021,,,,,< LOD,0.0012,< LOD,0.0014,< LOD,0.0015,0.0018,0.0015,< LOD,0.0009,< LOD,0.0004
1010,8,2,fond,3.2491,0.7038,14.2011,0.3865,52.9599,0.5207,0.1751,0.023,0.5218,0.0216,< LOD,0.0181,2.3597,0.026,9.0156,0.0406,0.3618,0.008,0.0138,0.009,0.0121,0.0052,0.079,0.0053,4.2004,0.03,0.0081,0.0039,0.0062,0.001,0.0043,0.0008,0.0091,0.0009,0.0015,0.0005,0.0011,0.0007,< LOD,0.0003,0.0148,0.0009,0.0221,0.0009,0.0029,0.0005,0.017,0.0008,0.0008,0.0005,< LOD,0.0013,< LOD,0.0008,0.0018,0.0011,,,< LOD,0.0011,0.0041,0.003,< LOD,0.0029,0.0642,0.0083,< LOD,0.0124,< LOD,0.0149,< LOD,0.0002,< LOD,0.0058,< LOD,0.0021,,,,,< LOD,0.0013,< LOD,0.0013,0.0029,0.0015,< LOD,0.0015,< LOD,0.0009,< LOD,0.0006
1011,8,2,fond,3.5071,0.7123,15.4774,0.4019,54.1651,0.5292,0.1613,0.0228,0.8241,0.0253,< LOD,0.018,2.4388,0.0266,8.633,0.0398,0.3848,0.0081,< LOD,0.009,0.0102,0.0053,0.0784,0.0053,4.2923,0.0301,0.0061,0.0039,0.0059,0.001,0.0047,0.0008,0.0096,0.0009,0.0015,0.0005,0.0019,0.0008,< LOD,0.0003,0.014,0.0008,0.0225,0.0009,0.0035,0.0005,0.0164,0.0007,0.0011,0.0004,< LOD,0.0013,< LOD,0.0009,,,,,< LOD,0.0012,0.0035,0.003,< LOD,0.0029,0.0516,0.0081,< LOD,0.0125,< LOD,0.0152,< LOD,0.0002,< LOD,0.0053,< LOD,0.0021,< LOD,0.0016,,,< LOD,0.0013,< LOD,0.0013,0.0017,0.0015,< LOD,0.0015,< LOD,0.0009,< LOD,0.0005
1012,8,2,fond,3.0255,0.7091,14.8669,0.3959,53.2419,0.5238,0.1604,0.0231,0.786,0.0251,< LOD,0.018,2.403,0.0264,8.7983,0.0402,0.3798,0.0082,0.0154,0.0092,0.0061,0.0052,0.0818,0.0054,4.3347,0.0303,< LOD,0.0039,0.0057,0.001,0.004,0.0008,0.0085,0.0009,0.0009,0.0005,< LOD,0.0007,< LOD,0.0003,0.0145,0.0008,0.0216,0.0009,0.0034,0.0005,0.0177,0.0008,0.0006,0.0004,< LOD,0.0013,< LOD,0.0009,,,< LOD,0.0014,< LOD,0.0012,< LOD,0.0029,< LOD,0.003,0.0622,0.0082,< LOD,0.0124,< LOD,0.015,< LOD,0.0002,< LOD,0.0057,< LOD,0.002,< LOD,0.0016,,,< LOD,0.0013,< LOD,0.0012,0.0036,0.0014,< LOD,0.0015,0.0021,0.0009,0.0009,0.0005
1013,8,2,fond,3.2023,0.7108,15.0519,0.3972,53.8884,0.5273,0.1581,0.0226,0.8213,0.0252,< LOD,0.0178,2.4183,0.0265,8.6537,0.0398,0.3921,0.0082,0.018,0.0091,0.0089,0.0053,0.0822,0.0054,4.3652,0.0304,< LOD,0.0039,0.0056,0.001,0.0051,0.0008,0.009,0.0009,0.0015,0.0005,0.0016,0.0008,< LOD,0.0003,0.0155,0.0009,0.0212,0.0008,0.0034,0.0005,0.0164,0.0008,0.0008,0.0005,< LOD,0.0013,< LOD,0.0008,0.0012,0.0011,,,0.0013,0.0012,0.0037,0.003,< LOD,0.0029,0.0616,0.0082,< LOD,0.0125,< LOD,0.0152,< LOD,0.0002,< LOD,0.0055,< LOD,0.0021,,,,,< LOD,0.0012,< LOD,0.0013,0.0029,0.0015,< LOD,0.0015,0.0012,0.0009,< LOD,0.0005
1014,8,2,matrice,2.6752,0.653,16.75,0.4078,52.9491,0.5262,0.0477,0.0178,1.1872,0.0284,< LOD,0.0174,2.7467,0.0281,5.4048,0.0315,0.3986,0.0079,0.0131,0.0088,0.0126,0.0052,0.0919,0.0054,4.2969,0.0289,< LOD,0.0039,0.0081,0.0012,0.0053,0.0008,0.0098,0.0009,0.0009,0.0005,0.0015,0.0008,< LOD,0.0003,0.0143,0.0008,0.0212,0.0009,0.003,0.0005,0.0151,0.0008,0.001,0.0004,< LOD,0.0013,< LOD,0.0009,0.0013,0.001,< LOD,0.0015,< LOD,0.0012,0.0032,0.003,< LOD,0.0029,0.0702,0.0092,0.0171,0.0126,0.015,0.0149,< LOD,0.0002,< LOD,0.0055,< LOD,0.0022,,,< LOD,0.0007,< LOD,0.0013,< LOD,0.0013,0.0018,0.0014,< LOD,0.0015,< LOD,0.0009,< LOD,0.0007
1015,8,2,matrice,3.5938,0.6746,16.4714,0.4042,52.8686,0.5249,0.0566,0.0175,1.1815,0.0281,< LOD,0.0174,2.7136,0.0278,5.3424,0.0313,0.3907,0.0077,0.0114,0.0086,0.0149,0.0051,0.0884,0.0055,4.2482,0.0287,< LOD,0.0038,0.0068,0.0012,0.0052,0.0008,0.01,0.0009,0.0016,0.0005,0.0012,0.0007,< LOD,0.0003,0.0142,0.0008,0.0204,0.0008,0.0031,0.0005,0.0162,0.0008,0.0007,0.0004,< LOD,0.0013,< LOD,0.0009,0.0015,0.001,0.0024,0.0015,< LOD,0.0011,0.0084,0.003,< LOD,0.0028,0.0614,0.0093,< LOD,0.0127,< LOD,0.0153,< LOD,0.0002,< LOD,0.0056,< LOD,0.0021,,,,,< LOD,0.0013,< LOD,0.0013,0.0025,0.0014,< LOD,0.0015,0.0011,0.0009,< LOD,0.0007
1016,8,2,matrice,3.743,0.6745,16.3838,0.4034,52.57,0.5231,0.0322,0.0172,1.1884,0.0283,< LOD,0.0173,2.6683,0.0276,5.3262,0.0312,0.39,0.0077,0.0105,0.0086,0.0103,0.0052,0.0844,0.0053,4.1974,0.0285,< LOD,0.0038,0.0077,0.0012,0.0051,0.0008,0.0094,0.0009,0.0023,0.0006,0.002,0.0007,< LOD,0.0003,0.0138,0.0008,0.0202,0.0008,0.0028,0.0005,0.0155,0.0008,0.0009,0.0005,< LOD,0.0012,< LOD,0.0008,0.0017,0.001,,,< LOD,0.0012,0.0047,0.003,< LOD,0.0029,0.0723,0.0094,< LOD,0.0125,0.0178,0.0154,< LOD,0.0002,< LOD,0.0056,< LOD,0.0023,,,,,< LOD,0.0013,0.0015,0.0014,< LOD,0.0014,0.0016,0.0015,< LOD,0.0009,< LOD,0.0007
1017,8,3,matrice,3.3803,0.6389,15.8972,0.3966,53.3519,0.5271,0.0421,0.0171,0.9089,0.0254,< LOD,0.017,2.6497,0.0276,5.247,0.031,0.4067,0.0079,0.0104,0.0086,0.0065,0.0051,0.0868,0.0054,4.166,0.0285,0.007,0.0039,0.0062,0.001,0.0044,0.0007,0.0085,0.0008,0.0011,0.0005,0.0009,0.0007,< LOD,0.0003,0.0126,0.0008,0.0203,0.0008,0.0028,0.0005,0.0166,0.0008,0.0006,0.0005,< LOD,0.0013,< LOD,0.0009,0.0019,0.0011,,,< LOD,0.0011,0.004,0.0028,< LOD,0.003,0.0532,0.0088,< LOD,0.012,< LOD,0.0145,< LOD,0.0002,< LOD,0.0056,< LOD,0.002,< LOD,0.0016,,,< LOD,0.0013,< LOD,0.0012,0.0027,0.0013,0.0014,0.0013,< LOD,0.0009,< LOD,0.0007
1018,8,3,matrice,2.9481,0.6412,15.7335,0.3946,52.3446,0.5213,0.0396,0.0169,0.8532,0.0247,< LOD,0.0169,2.6462,0.0275,5.2032,0.0309,0.3932,0.0078,0.0088,0.0084,0.0113,0.0051,0.0781,0.0053,4.1289,0.0284,< LOD,0.0038,0.0058,0.001,0.0043,0.0007,0.0074,0.0008,0.0013,0.0005,0.0008,0.0007,< LOD,0.0003,0.0133,0.0008,0.0211,0.0009,0.0024,0.0005,0.016,0.0008,0.0008,0.0004,< LOD,0.0013,< LOD,0.0009,,,< LOD,0.0014,0.0016,0.0011,0.0054,0.0029,< LOD,0.003,0.0628,0.009,< LOD,0.0122,< LOD,0.0148,< LOD,0.0002,< LOD,0.0058,< LOD,0.002,,,,,< LOD,0.0013,< LOD,0.0012,0.003,0.0013,< LOD,0.0013,< LOD,0.0009,< LOD,0.0007
1019,8,3,matrice,2.7708,0.6318,15.7041,0.3932,51.9637,0.5186,0.0377,0.0166,0.8776,0.0249,< LOD,0.0167,2.5782,0.0271,5.1911,0.0308,0.3954,0.0078,0.0112,0.0085,0.0076,0.0048,0.0908,0.0054,4.0769,0.0282,0.0043,0.0038,0.0064,0.0011,0.0048,0.0008,0.0084,0.0008,0.0012,0.0005,0.0009,0.0007,< LOD,0.0003,0.0133,0.0008,0.0201,0.0008,0.0028,0.0005,0.0166,0.0008,0.0009,0.0005,< LOD,0.0013,< LOD,0.0009,,,,,< LOD,0.0011,< LOD,0.0029,< LOD,0.003,0.0594,0.0093,< LOD,0.0124,0.0157,0.0148,< LOD,0.0002,< LOD,0.0057,< LOD,0.002,,,< LOD,0.0008,< LOD,0.0013,< LOD,0.0012,0.0021,0.0013,< LOD,0.0014,< LOD,0.0009,< LOD,0.0008
1020,8,3,fond,2.8946,0.7059,13.9661,0.3851,52.9086,0.5209,0.2283,0.0243,0.3364,0.0192,0.029,0.0184,2.5075,0.0268,9.4587,0.0417,0.3653,0.0081,< LOD,0.0088,0.0097,0.0054,0.0731,0.0053,3.9415,0.0293,0.004,0.0037,0.0046,0.0009,0.0036,0.0007,0.008,0.0008,0.0008,0.0004,0.0012,0.0006,< LOD,0.0003,0.0127,0.0007,0.0223,0.0009,0.0027,0.0005,0.017,0.0008,0.0006,0.0005,< LOD,0.0013,< LOD,0.0009,,,< LOD,0.0013,< LOD,0.0011,< LOD,0.0028,< LOD,0.0032,0.0493,0.0075,< LOD,0.0117,< LOD,0.0141,< LOD,0.0002,< LOD,0.0057,< LOD,0.0019,< LOD,0.0017,< LOD,0.0008,< LOD,0.0014,< LOD,0.0012,0.0014,0.0013,< LOD,0.0013,< LOD,0.001,< LOD,0.0006
1021,8,3,fond,3.1092,0.7097,14.1144,0.3869,52.5988,0.5192,0.2341,0.0246,0.3426,0.0194,0.0361,0.0185,2.4945,0.0267,9.479,0.0417,0.3582,0.0081,0.0111,0.0092,0.0078,0.0053,0.0767,0.0053,3.9377,0.0293,0.0046,0.0037,0.0048,0.0009,0.0044,0.0007,0.0082,0.0008,0.0013,0.0004,0.0015,0.0007,< LOD,0.0003,0.0128,0.0007,0.0219,0.0009,0.003,0.0005,0.0176,0.0008,0.0006,0.0005,< LOD,0.0013,< LOD,0.0009,0.0016,0.0011,,,< LOD,0.0011,0.0049,0.0028,< LOD,0.0032,0.0509,0.0076,< LOD,0.0118,0.022,0.0143,< LOD,0.0002,< LOD,0.0053,< LOD,0.0019,,,,,< LOD,0.0013,< LOD,0.0011,0.0019,0.0013,< LOD,0.0012,< LOD,0.0009,< LOD,0.0006
1022,8,3,fond,2.1602,0.6703,13.8612,0.3824,51.8879,0.5151,0.2132,0.0242,0.3195,0.0192,< LOD,0.0182,2.4829,0.0267,9.3835,0.0415,0.3493,0.0081,< LOD,0.0087,0.0146,0.0056,0.0708,0.0053,3.8736,0.0291,< LOD,0.0037,0.0047,0.0009,0.004,0.0007,0.0084,0.0008,0.0009,0.0005,0.0017,0.0007,< LOD,0.0003,0.0118,0.0007,0.0223,0.0009,0.0035,0.0005,0.0184,0.0009,0.0008,0.0005,< LOD,0.0013,< LOD,0.0009,< LOD,0.0011,< LOD,0.0013,< LOD,0.0011,< LOD,0.0028,< LOD,0.0031,0.0498,0.0078,< LOD,0.0119,< LOD,0.0141,< LOD,0.0002,< LOD,0.0057,< LOD,0.0019,< LOD,0.0016,,,< LOD,0.0013,< LOD,0.0012,0.002,0.0014,< LOD,0.0015,< LOD,0.001,< LOD,0.0006
